-- MySQL dump 10.13  Distrib 8.0.25, for Win64 (x86_64)
--
-- Host: k5b206.p.ssafy.io    Database: heypapa_db
-- ------------------------------------------------------
-- Server version	8.0.27-0ubuntu0.20.04.1

/*!40101 SET @OLD_CHARACTER_SET_CLIENT=@@CHARACTER_SET_CLIENT */;
/*!40101 SET @OLD_CHARACTER_SET_RESULTS=@@CHARACTER_SET_RESULTS */;
/*!40101 SET @OLD_COLLATION_CONNECTION=@@COLLATION_CONNECTION */;
/*!50503 SET NAMES utf8 */;
/*!40103 SET @OLD_TIME_ZONE=@@TIME_ZONE */;
/*!40103 SET TIME_ZONE='+00:00' */;
/*!40014 SET @OLD_UNIQUE_CHECKS=@@UNIQUE_CHECKS, UNIQUE_CHECKS=0 */;
/*!40014 SET @OLD_FOREIGN_KEY_CHECKS=@@FOREIGN_KEY_CHECKS, FOREIGN_KEY_CHECKS=0 */;
/*!40101 SET @OLD_SQL_MODE=@@SQL_MODE, SQL_MODE='NO_AUTO_VALUE_ON_ZERO' */;
/*!40111 SET @OLD_SQL_NOTES=@@SQL_NOTES, SQL_NOTES=0 */;

--
-- Table structure for table `article`
--

DROP TABLE IF EXISTS `article`;
/*!40101 SET @saved_cs_client     = @@character_set_client */;
/*!50503 SET character_set_client = utf8mb4 */;
CREATE TABLE `article` (
  `id` bigint NOT NULL AUTO_INCREMENT,
  `content` varchar(255) NOT NULL,
  `created_at` datetime DEFAULT NULL,
  `img` varchar(255) DEFAULT NULL,
  `updated_at` datetime DEFAULT NULL,
  `user_id` bigint DEFAULT NULL,
  `calculate_time` varchar(255) DEFAULT NULL,
  PRIMARY KEY (`id`),
  KEY `FKbc2qerk3l47javnl2yvn51uoi` (`user_id`),
  CONSTRAINT `FKbc2qerk3l47javnl2yvn51uoi` FOREIGN KEY (`user_id`) REFERENCES `user` (`id`)
) ENGINE=InnoDB AUTO_INCREMENT=51 DEFAULT CHARSET=utf8mb4 COLLATE=utf8mb4_0900_ai_ci;
/*!40101 SET character_set_client = @saved_cs_client */;

--
-- Dumping data for table `article`
--

LOCK TABLES `article` WRITE;
/*!40000 ALTER TABLE `article` DISABLE KEYS */;
INSERT INTO `article` VALUES (34,'아내를 위한!! 태어날 우리 튼튼이를 위한!! 첫 요리!!\n앞으로 자주자주 해줄께~♥','2021-11-15 13:38:56','article/24-2021-11-15-04-38-56-미역국.jpg','2021-11-15 13:38:56',24,NULL),(35,'My son 쑥쑥이 ?? 호랑이처럼 건강하게 자라렴\n5달 뒤에 건강하게 만나자!!','2021-11-15 13:48:58','article/26-2021-11-15-04-48-58-어릴때사진.png','2021-11-15 13:48:58',26,NULL),(36,'우리 베이비 도담이 미래 얼굴 예측?\n아내가 저 99프로에 자기 1프로인거 같다고\n해서 다시 해봤는데도 별 차이가 없더라는??','2021-11-15 13:52:55','article/25-2021-11-15-04-52-55-울애기_여자.PNG','2021-11-15 13:52:55',25,NULL),(37,'안녕? 와이프가 보내준 초음파 사진 .. 우리 찰떡이 첫 인사에요!!','2021-11-15 13:56:50','article/28-2021-11-15-04-56-50-초음파사진.png','2021-11-15 13:56:50',28,NULL),(38,'아내의 임신을 처음으로 확인한 날??','2021-11-17 11:12:47','article/28-2021-11-17-02-12-46-임신확인.PNG','2021-11-17 11:12:47',28,NULL),(39,'제주도가서 6개월차에 남겨 본 아내 사진 ?','2021-11-17 11:15:01','article/25-2021-11-17-02-15-00-임신사진.png','2021-11-17 11:15:01',25,NULL),(40,'사촌누나에게 물려받았어요!\n외출복은 애기 크는거 봐서 사도 되겠죠?','2021-11-17 11:18:44','article/25-2021-11-17-02-18-43-옷.png','2021-11-17 11:18:44',25,NULL),(41,'울 와이프가 만들어줌!!!\n','2021-11-17 11:22:29','article/25-2021-11-17-02-22-29-빼빼로.png','2021-11-17 11:22:29',25,NULL),(42,'우리 쑥쑥이 애착인형 만들기','2021-11-17 11:26:27','article/26-2021-11-17-02-26-27-애착인형.png','2021-11-17 11:26:27',26,NULL),(43,'오늘은 튼튼이가 고기를 먹고싶어해서 소고기 외식을~~ 돼지고기는 입덧때문에 잘 못 먹더만 소고기는 잘 드시는^^;;;','2021-11-17 11:27:39','article/24-2021-11-17-02-27-38-외식.PNG','2021-11-17 11:27:39',24,NULL),(44,'저 두달 있으면 아빠됩니다.\n코로나 시국이라 결혼식은 내년에 해서 너무 아쉽지만..\n마니마니 축하해주세요^^','2021-11-17 11:32:01','article/28-2021-11-17-02-32-01-두달.PNG','2021-11-17 11:32:01',28,NULL),(45,'임산부 탈모 전용샴푸 로마 너리싱 샴푸\n제가 와이프 몰래 써봤습니다 ㅎㅎㅎ\n자극적인 냄새도 없어서 냄새때문에 입덧하시는 분들한테도 추천입니다. 거품도 충분히 나오고 !!\n다들 와이프 선물로 추천해요~~','2021-11-17 11:45:31','article/24-2021-11-17-02-45-30-탈모샴푸.PNG','2021-11-17 11:45:31',24,NULL),(46,'울 아가 방 몽땅 다 내스타일??\n플라워자수 블랭킷보고 완전 반해버려서\n다 마리데에서 주문했는데\n이와중에 운좋게 침대패드는 이벤트당첨되서 선물받음\n패드사이즈 완전 안성맞춤이라 툭 깔아주면 끝!\n튼튼이 증말 복덩이?','2021-11-17 14:40:25','article/24-2021-11-17-05-40-24-아기방사진.png','2021-11-17 14:40:35',24,NULL),(47,'아내가 임신했을 때 남편이 알아야할 것 정리!\n중요한 것들 메모장에 정리해 두자!!','2021-11-17 14:43:38','article/26-2021-11-17-05-43-38-알아두어야할것사진.png','2021-11-17 14:43:38',26,NULL),(49,'와이프를 위해 미리 장만한 스와들업!!\n혹시나 튼튼이가 불편해 할 수도 있을 것 같아서\n제일 작은 사이즈로 두개만 미리 구매해봤어용\n튼튼이한테 잘 맞으면 더 큰사이즈들도 차차 구매하려구요!','2021-11-17 14:52:55','article/24-2021-11-17-05-52-54-스와들업사진.jfif','2021-11-17 14:52:55',24,NULL),(50,'미리 아기 옷 준비! 얼른 만났으면!','2021-11-17 15:44:55','article/31-2021-11-17-06-44-55-대담이_게시글.jpg','2021-11-17 15:44:55',31,NULL);
/*!40000 ALTER TABLE `article` ENABLE KEYS */;
UNLOCK TABLES;

--
-- Table structure for table `article_gallery`
--

DROP TABLE IF EXISTS `article_gallery`;
/*!40101 SET @saved_cs_client     = @@character_set_client */;
/*!50503 SET character_set_client = utf8mb4 */;
CREATE TABLE `article_gallery` (
  `id` bigint NOT NULL AUTO_INCREMENT,
  `file_path` text,
  `article_id` bigint DEFAULT NULL,
  PRIMARY KEY (`id`),
  KEY `FKgbge65d8iewdw6v5e01cw1cad` (`article_id`),
  CONSTRAINT `FKgbge65d8iewdw6v5e01cw1cad` FOREIGN KEY (`article_id`) REFERENCES `article` (`id`)
) ENGINE=InnoDB AUTO_INCREMENT=8 DEFAULT CHARSET=utf8mb4 COLLATE=utf8mb4_0900_ai_ci;
/*!40101 SET character_set_client = @saved_cs_client */;

--
-- Dumping data for table `article_gallery`
--

LOCK TABLES `article_gallery` WRITE;
/*!40000 ALTER TABLE `article_gallery` DISABLE KEYS */;
/*!40000 ALTER TABLE `article_gallery` ENABLE KEYS */;
UNLOCK TABLES;

--
-- Table structure for table `article_hashtag`
--

DROP TABLE IF EXISTS `article_hashtag`;
/*!40101 SET @saved_cs_client     = @@character_set_client */;
/*!50503 SET character_set_client = utf8mb4 */;
CREATE TABLE `article_hashtag` (
  `id` bigint NOT NULL AUTO_INCREMENT,
  `article_id` bigint DEFAULT NULL,
  `hashtag_id` bigint DEFAULT NULL,
  PRIMARY KEY (`id`),
  KEY `FK4adimje6fx9kut67u6jd9c174` (`article_id`),
  KEY `FKe3ccvxb3rjbjyugsttrkpabma` (`hashtag_id`),
  CONSTRAINT `FK4adimje6fx9kut67u6jd9c174` FOREIGN KEY (`article_id`) REFERENCES `article` (`id`),
  CONSTRAINT `FKe3ccvxb3rjbjyugsttrkpabma` FOREIGN KEY (`hashtag_id`) REFERENCES `hashtag` (`id`)
) ENGINE=InnoDB AUTO_INCREMENT=145 DEFAULT CHARSET=utf8mb4 COLLATE=utf8mb4_0900_ai_ci;
/*!40101 SET character_set_client = @saved_cs_client */;

--
-- Dumping data for table `article_hashtag`
--

LOCK TABLES `article_hashtag` WRITE;
/*!40000 ALTER TABLE `article_hashtag` DISABLE KEYS */;
INSERT INTO `article_hashtag` VALUES (79,34,32),(80,34,33),(81,34,34),(82,34,35),(83,34,36),(84,35,37),(85,35,38),(86,35,39),(87,35,40),(88,36,41),(89,36,42),(90,36,43),(91,36,44),(92,37,45),(93,37,46),(94,37,47),(95,37,48),(96,37,49),(97,38,50),(98,38,51),(99,38,52),(100,39,47),(101,39,53),(102,39,54),(103,39,55),(104,40,54),(105,40,56),(106,40,57),(107,40,58),(108,40,59),(109,41,60),(110,41,61),(111,42,62),(112,42,63),(113,42,64),(114,43,65),(115,43,66),(116,43,67),(117,44,68),(118,44,51),(119,44,69),(120,44,70),(121,45,71),(122,45,72),(123,45,73),(124,45,74),(125,46,33),(126,46,75),(127,46,76),(128,46,77),(129,47,67),(130,47,54),(131,47,78),(132,47,79),(137,49,80),(138,49,81),(139,49,56),(140,49,57),(141,50,82),(142,50,83),(143,50,84),(144,50,85);
/*!40000 ALTER TABLE `article_hashtag` ENABLE KEYS */;
UNLOCK TABLES;

--
-- Table structure for table `article_like`
--

DROP TABLE IF EXISTS `article_like`;
/*!40101 SET @saved_cs_client     = @@character_set_client */;
/*!50503 SET character_set_client = utf8mb4 */;
CREATE TABLE `article_like` (
  `id` bigint NOT NULL AUTO_INCREMENT,
  `article_id` bigint DEFAULT NULL,
  `user_id` bigint DEFAULT NULL,
  PRIMARY KEY (`id`),
  KEY `FKabthli6g1qjriusniw93pbesw` (`article_id`),
  KEY `FKm3fo00rg4vr6dbnsbu31ep972` (`user_id`),
  CONSTRAINT `FKabthli6g1qjriusniw93pbesw` FOREIGN KEY (`article_id`) REFERENCES `article` (`id`),
  CONSTRAINT `FKm3fo00rg4vr6dbnsbu31ep972` FOREIGN KEY (`user_id`) REFERENCES `user` (`id`)
) ENGINE=InnoDB AUTO_INCREMENT=157 DEFAULT CHARSET=utf8mb4 COLLATE=utf8mb4_0900_ai_ci;
/*!40101 SET character_set_client = @saved_cs_client */;

--
-- Dumping data for table `article_like`
--

LOCK TABLES `article_like` WRITE;
/*!40000 ALTER TABLE `article_like` DISABLE KEYS */;
INSERT INTO `article_like` VALUES (97,34,26),(98,36,26),(99,35,25),(100,34,25),(101,36,28),(104,35,28),(106,36,24),(107,35,24),(109,37,28),(111,34,24),(112,34,28),(115,37,27),(116,36,27),(119,39,24),(120,40,24),(121,38,24),(122,37,24),(123,41,24),(124,42,24),(125,43,26),(126,43,28),(127,42,28),(128,41,28),(129,40,28),(130,39,28),(131,38,28),(132,44,24),(133,43,24),(134,45,26),(135,44,26),(136,42,26),(137,41,26),(138,40,26),(139,39,26),(140,38,26),(141,37,26),(142,35,26),(143,45,25),(145,44,31),(146,42,31),(147,36,31),(148,49,28),(149,47,28),(150,46,28),(151,45,28),(152,44,28),(153,49,25),(154,47,25),(155,46,25),(156,49,31);
/*!40000 ALTER TABLE `article_like` ENABLE KEYS */;
UNLOCK TABLES;

--
-- Table structure for table `carecenter`
--

DROP TABLE IF EXISTS `carecenter`;
/*!40101 SET @saved_cs_client     = @@character_set_client */;
/*!50503 SET character_set_client = utf8mb4 */;
CREATE TABLE `carecenter` (
  `id` bigint NOT NULL AUTO_INCREMENT,
  `address` varchar(255) DEFAULT NULL,
  `general_room` varchar(255) DEFAULT NULL,
  `latitude` double DEFAULT NULL,
  `longitude` double DEFAULT NULL,
  `name` varchar(255) DEFAULT NULL,
  `phone_number` varchar(255) DEFAULT NULL,
  `sido` varchar(255) DEFAULT NULL,
  `sigungu` varchar(255) DEFAULT NULL,
  `special_room` varchar(255) DEFAULT NULL,
  PRIMARY KEY (`id`)
) ENGINE=InnoDB AUTO_INCREMENT=508 DEFAULT CHARSET=utf8mb4 COLLATE=utf8mb4_0900_ai_ci;
/*!40101 SET character_set_client = @saved_cs_client */;

--
-- Dumping data for table `carecenter`
--

LOCK TABLES `carecenter` WRITE;
/*!40000 ALTER TABLE `carecenter` DISABLE KEYS */;
INSERT INTO `carecenter` VALUES (1,'서울특별시 종로구 원남동 28-7 창경빌딩 2~4층','410',37.57561916,126.9979432,'첫단추(창경궁점)','02-763-5400','서울','종로구','460'),(2,'서울특별시 종로구 통일로 16길 4-1','470',37.57576098,126.9575913,'올리비움','02-738-3335','서울','종로구','2000'),(3,'서울특별시 서울시 중구 다산로36길 11 6,7층','280',37.56285029,127.016181,'더드림 산후조리원','02-2231-6375','서울','중구','330'),(4,'서울특별시 서울시 중구 중림로31, 이화빌딩 1층','450',37.55829338,126.9670998,'와이케이 동그라미 레피리움 산후조리원','02-6012-1010','서울','중구','450'),(5,'서울특별시 성동구 고산자로 6길 40 6층','450',37.55821943,127.035482,'㈜와이케이 동그라미 산후조리원 행당점','02-6409-1003','서울','성동구',''),(6,'서울특별시 광진구 뚝섬로 503, 3층(자양동)','300',37.53608801,127.066026,'광진아기맘미소','02-447-0065','서울','광진구',''),(7,'서울특별시 광진구 구의로 28 2층(구의동)','220',37.54029324,127.0897937,'르베르쏘','02-457-6020','서울','광진구',''),(8,'서울특별시 광진구 자양로 192 1~5층(구의동)','480',37.54451845,127.0853098,'(주)궁 구의점','02-453-0640','서울','광진구','580'),(9,'서울특별시 동대문구 장한로 119 (장안동,삼성쉐르빌2층)','250',37.57145092,127.0702132,'린아미에산후조리원','02-2246-2001','서울','동대문구',''),(10,'서울특별시 동대문구 망우로 82, B1,1,2층 (휘경동)','230',37.58972578,127.0625424,'삼육서울병원부설산후조리원','','서울','동대문구','286'),(11,'서울특별시 동대문구 답십리로 266 (장안동,8층,9층)','380',37.57215292,127.0699232,'린산후조리원','02-2243-5353','서울','동대문구','450'),(12,'서울특별시 동대문구 답십리로 269, 7,8층 (장안동)','250',37.57267752,127.0704242,'베베리타산후조리원','02-2213-5889','서울','동대문구','270'),(13,'서울특별시 동대문구 전농로 102, 4층 (답십리동)','290',37.57398206,127.0578549,'마드레산후조리원','02-1599-3270','서울','동대문구','320'),(14,'서울특별시 동대문구 한천로46길 42, 2층(장안동, 예신프라자)','390',37.58146336,127.0707064,'레피리움산후조리원장안점','02-6085-1110','서울','동대문구',''),(15,'서울특별시 동대문구 천호대로 317, 9층(답십리동, 하늘병원)','290',37.56517881,127.0556345,'맘스터치산후조리원','02-2212-2582','서울','동대문구',''),(16,'서울 중랑구 망우로 411','260',37.59959505,127.0978904,'아이맘-S 산후조리원','02-495-0123','서울','중랑구','280'),(17,'서울 중랑구 신내로25가길 2 현동학당 206','210',37.6194763,127.0841941,'이제 산후조리원','02-973-0500','서울','중랑구',''),(18,'서울 중랑구 중랑역로 257 신흥빌딩 4층','250',37.61587455,127.0766677,'이자르(태릉노블점)','02-972-7667','서울','중랑구','300'),(19,'서울 중랑구 신내로 16길 76 3,4,5층','430',37.61278692,127.1000819,'궁 (신내점)','02-3421-5553','서울','중랑구','510'),(20,'서울특별시 성북구 보문로 180. 6,7층','300',37.59026725,127.0154067,'루시나산후조리원','02-922-4652','서울','성북구',''),(21,'서울특별시 성북구 화랑로 248. 8층','270',37.61040295,127.056905,'동그라미산후조리원성북점','02-2039-0000','서울','성북구',''),(22,'서울특별시 성북구 동소문로 48. 3층','270',37.59033701,127.0110114,'첫단추산후조리원성북점','02-922-1400','서울','성북구','298'),(23,'서울특별시 강북구 도봉로 131(미아동)','400',37.62058106,127.0280488,'햇빛병원부설 햇빛산후조리원','02-996-1511','서울','강북구','550'),(24,'서울특별시 강북구 도봉로 136(미아동)','240',37.6210791,127.0286243,'맘스텔라산후조리원','02-985-3542','서울','강북구','250'),(25,'서울특별시 강북구 삼양로 184, 6층(미아동)','270',37.6202147,127.021301,'라테라산후조리원 미아','02-6218-3588','서울','강북구',''),(26,'서울특별시 도봉구 도봉로 604(창동) 에이치큐브병원 7, 8층','280',37.65831497,127.0410351,'에이치큐브산후조리원','02-995-8000','서울','도봉구','320'),(27,'서울특별시 도봉구 도봉로 575(쌍문동) 7층','250',37.65640548,127.03879,'소중한맘산후조리원','02-903-0033','서울','도봉구',''),(28,'서울특별시 도봉구 해등로 125(창동) 한영빌딩 2층','240',37.65476829,127.0404766,'마미캠프 산후조리원','02-993-4300','서울','도봉구',''),(29,'서울특별시 도봉구 도봉로 524  (창동)  6,7층','290',37.65178502,127.0370572,'강남퀸즈 산후조리원 강북점','02-6415-3535','서울','도봉구','320'),(30,'서울특별시 수락산로 232, 3층(상계동)','240',37.67106853,127.0529677,'이자르산후조리원','02-935-7979','서울','노원구','260'),(31,'서울특별시 상계로5길 9(상계동)','260',37.65698742,127.0638232,'모아드림산후조리원','02-937-7777','서울','노원구','290'),(32,'서울특별시 상계로7길 17(상계동)','300',37.65752546,127.0648822,'노원라테라산후조리원','02-951-2300','서울','노원구',''),(33,'서울특별시 노원로 240(하계동, 백경빌딩)','380',37.63937273,127.0745261,'더블레스 산후조리원','02-949-2223','서울','노원구','532'),(34,'서울특별시 초안산로5길 12, 5층(월계동)','250',37.63256097,127.0517478,'동그라미산후조리원(월계)','02-904-8034','서울','노원구',''),(35,'서울특별시 은평구 응암로 164','240',37.58654149,126.9163571,'인정산후조리원','02-2187-1430','서울','은평구','330'),(36,'서울특별시 은평구 진흥로 133','290',37.6081885,126.9248906,'더은혜산후조리원','02-388-5638','서울','은평구','310'),(37,'서울특별시 은평구 응암로 235 대성B 4층','290',37.59301597,126.9176099,'이자르산후조리원','02-305-4931','서울','은평구','330'),(38,'서울특별시 은평구 서오릉로 81','240',37.60741038,126.9215182,'아이젤산후조리원','02-355-0069','서울','은평구',''),(39,'서울특별시 은평구 서오릉로 145 상원빌딩5층','220',37.61128502,126.916476,'아가랑산후조리원','02-356-5422','서울','은평구','250'),(40,'서울특별시 은평구 통일로 856, 8층','450',37.61969116,126.9212914,'레피리움 산후조리원','02-6941-1231','서울','은평구',''),(41,'서울특별시 서대문구 응암로 133, 2, 3층','370',37.58444157,126.9143425,'동그라미 산후조리원(서대문점)','02-374-2882','서울','서대문구','400'),(42,'서울특별시 서대문구 통일로 442(홍제동)','280',37.58851587,126.9449261,'제이 산후조리원','02-2153-7788','서울','서대문구','336'),(43,'서울특별시 마포구 월드컵북로 137(성산동,CS타워 10층)','260',37.56482629,126.9116625,'아이린산후조리원 성산점','02-3142-3003','서울','마포구','300'),(44,'서울특별시 마포구 월드컵로 155(망원동)','260',37.56138096,126.9049315,'아이린산후조리원 망원점','02-3152-1212','서울','마포구','290'),(45,'서울특별시 마포구 월드컵북로 497(상암동)','',37.58444162,126.8795099,'라펠리체산후조리원','02-306-2617','서울','마포구',''),(46,'서울특별시 양천구 화곡로 64(신월5동) 동화빌딩 2층','450',37.53905633,126.8289554,'(주)동그라미 레피리움 강서점','02-2065-7301','서울','양천구',''),(47,'서울특별시 양천구 신월로 338(신정1동)원빌딩 4층','220',37.52153844,126.8585325,'목동굿맘 산후조리원','02-2654-0030','서울','양천구','300'),(48,'서울특별시 양천구 목동중앙남로3가길 127','240',37.54122176,126.8639763,'㈜이자르산후조리원목동지점','02-2061-6001','서울','양천구','260'),(49,'서울특별시 양천구 은행정로 5(신정동)  에벤에셀프라자 5층','370',37.5201944,126.8595717,'에빠토르베르쏘 목동점','02-2647-0100','서울','양천구',''),(50,'서울특별시 양천구 남부순환로 654 SM빌딩 10층','270',37.51071848,126.8418579,'(주)밝은미래','02-2619-1000','서울','양천구',''),(51,'서울특별시 양천구 신월로 164(신월6동)','245',37.51776107,126.8420181,'품안애 산후조리원','02-2601-3588','서울','양천구',''),(52,'서울특별시 양천구 오목로325 (목동 대학빌딜6층)','500',37.52510768,126.8736273,'(주)동그라미 레피리움 목동점','02-6491-1001','서울','양천구',''),(53,'서울시 양천구 공항대로610 포미즈여성병원 내(3,5층)','280',37.5467897,126.8723584,'포미즈타임 산후조리원','02-2651-7500','서울','양천구',''),(54,'서울시 양천구 중앙로 300(신정동) 시온빌딩6~8층','280',37.52305691,126.851873,'목동제일','02-6927-3647','서울','양천구','300'),(55,'서울특별시 강서구 강서로 198 5~7층','260',37.54394061,126.8385683,'유광사 산후조리원','','서울','강서구',''),(56,'서울특별시 강서구 화곡로 191 남서울빌딩 3,4층','330',37.5429383,126.8422773,'㈜궁 산후조리원(화곡지점)','1644-3358','서울','강서구','380'),(57,'서울특별시 강서구 양천로 461 주영빌딩 5층','300',37.56304701,126.8522245,'미즈앤노블 산후조리원','02-2659-0031','서울','강서구',''),(58,'서울특별시 강서구 등촌로 45','400',37.53396572,126.8633029,'(주)목동라테라 산후조리원','02-2653-3588','서울','강서구','500'),(59,'서울특별시 강서구 양천로 600 파인블루빌딩 3~4층','440',37.55547577,126.8646732,'㈜궁 산후조리원(강서점)','02-2083-0600','서울','강서구','520'),(60,'서울특별시 강서구 마곡중앙5로 81길 에스비타운6층','350',37.56711772,126.8185976,'벌스데이 산후조리원','02-2664-6999','서울','강서구','420'),(61,'서울특별시 강서구 양천로 354 옥천빌딩 2~5층','390',37.56789678,126.8417337,'(주)에빠토르베르쏘 산후조리원','02-3661-1115','서울','강서구','430'),(62,'서울특별시 구로구 서해안로 2296','250',37.4912425,126.8404444,'미래산후조리원','02-2682-2400','서울','구로구',''),(63,'서울특별시 구로구 천왕로 106, 5층(골드프라자)','250',37.48604017,126.8385588,'로얄사임당산후조리원 천왕점','02-2688-6200','서울','구로구',''),(64,'서울특별시 구로구 새말로 94, 7~8층','380',37.50547224,126.8905002,'아름제일산후조리원 1관','02-856-9301','서울','구로구','480'),(65,'서울특별시 구로구 경인로 240, 102동 2층(예성라온팰리스)','270',37.49726621,126.8472237,'맘스퀘어산후조리원','02-2611-7322','서울','구로구','300'),(66,'서울특별시 구로구 중앙로 100, 6~7층','300',37.50635187,126.8606114,'연세사랑모아여성병원부설산후조리원','02-2636-3210','서울','구로구','400'),(67,'서울특별시 구로구 공원로 83, 3~4층','300',37.50364631,126.8875438,'아름제일산후조리원 2관','02-854-6677','서울','구로구','320'),(68,'서울특별시 구로구 경인로 322, 3층','240',37.49706161,126.8559265,'민전산후조리원','02-2060-9315','서울','구로구','280'),(69,'서울특별시 금천구 시흥대로 429 삼희빌딩 3층','240',37.47193711,126.8977186,'VIP산후조리원','02-851-1566','서울','금천구',''),(70,'서울특별시 금천구 시흥대로 71길 41','260',37.45516403,126.8997286,'뉴연세산후조리원','02-891-1541','서울','금천구','350'),(71,'서울특별시 금천구 시흥대로 415 4~5층','330',37.47066474,126.8976623,'MJ산후조리원','02-2109-3003','서울','금천구','280'),(72,'서울특별시 영등포구 도신로 116, 4층','250',37.50806779,126.905036,'이자르산후조리원','02-848-3579','서울','영등포구','270'),(73,'서울특별시 영등포구 선유로63(문래3가)77-1번지','300',37.54445212,126.8994959,'아란태산후조리원','02-2676-5757','서울','영등포구','340'),(74,'서울특별시 영등포구 선유로 63 동신타워5층','300',37.5196531,126.8890503,'㈜라솜산후조리원','02-2679-5005','서울','영등포구','320'),(75,'서울특별시 영등포구 선유로 59','310',37.51927783,126.8890251,'(주)리더스산후조리원','02-3667-3579','서울','영등포구','330'),(76,'서울특별시 영등포구 영중로 140 드림프라자 4층','225',37.52877138,126.9060564,'아이리스산후조리원','02-2068-6167','서울','영등포구','255'),(77,'서울특별시 장승배기로 108','280',37.50713913,126.9402397,'청화병원부설','02-6496-5620','서울','동작구','380'),(78,'서울특별시 보라매로5가길 16. 4층(403호)','330',37.49127429,126.9240942,'카리스','02-833-2227','서울','동작구','380'),(79,'서울특별시 상도동 25번지 14호 세담빌딩 7층','230',37.50550097,126.9425329,'늘푸른','02-814-3588','서울','동작구','250'),(80,'서울특별시 관악구 남부순환로 1802(관악켐퍼스타워)','340',37.48116973,126.9502849,'로얄사임당(서울대점)','02-873-1112','서울','관악구',''),(81,'서울특별시 관악구 양녕로 46(메카플러스)','350',37.48614367,126.9472864,'로얄사임당(봉천점)','02-889-0700','서울','관악구','390'),(82,'서울특별시 서초구 동작대로 172 로얄쇼핑센타 3층','450',37.49193144,126.9831194,'㈜YK동그라미레피리움산후조리원 강남점','02-532-1633','서울','서초구',''),(83,'서울특별시 서초구 사평대로18길 10 (반포동)','400',37.49838959,126.995612,'서래네송스산후조리원','02-537-3232','서울','서초구','450'),(84,'서울특별시 서초구 서운로 216(서초동 동인빌딩)','371',37.50237913,127.0218712,'㈜사임당아모리움산후조리원','02-533-6169','서울','서초구','371'),(85,'서울특별시 서초구 고무래로 22(쌍동빌딩6층)','500',37.50257249,127.0107578,'㈜센트리움산후조리원','02-535-3853','서울','서초구','600'),(86,'서울특별시 서초구 동광로49길 7 (반포동, 양지빌딩 3,4,5층)','700',37.49352347,127.0019959,'(주)메르앙서래산후조리원','02-592-0227','서울','서초구',''),(87,'서울특별시 강남구 학동로101길 15 (청담동)','600',37.52121877,127.0574429,'트리니티산후조리원(청담점)','02-541-5673','서울','강남구','700'),(88,'서울특별시 강남구 논현로 98 (개포동)','380',37.47860509,127.0447958,'한아름산후조리원','02-3412-0101','서울','강남구','500'),(89,'서울특별시 강남구 논현로 566  (역삼동)','410',37.50643973,127.0348243,'차병원산후조리원','02-3468-3327','서울','강남구','550'),(90,'서울특별시 강남구 압구정로38길 6  (신사동)','440',37.52836197,127.0323108,'호산산후조리원','02-1577-7611','서울','강남구','680'),(91,'서울특별시 강남구 도곡로1길 14  (역삼동)','400',37.4909652,127.0324486,'앙즐레산후조리원','02-554-6600','서울','강남구','470'),(92,'서울특별시 강남구 봉은사로111길 13 (삼성동)','570',37.51612626,127.0650807,'더궁산후조리원','02-547-5047','서울','강남구','1300'),(93,'서울특별시 강남구 언주로 707  (논현동)','590',37.51622579,127.0350118,'M&H산후조리원','02-3446-3434','서울','강남구','790'),(94,'서울특별시 강남구 언주로303(역삼동)','800',37.49457763,127.0460761,'그녀의정원 드라마 산후조리원','02-3453-4628','서울','강남구','1200'),(95,'서울시 강남구 삼성로548 (삼성동)','550',37.51062093,127.0550331,'트리티니산후조리원(삼성점)','02-508-0013','서울','강남구','900'),(96,'서울특별시 강남구 도곡로6길 13(도곡동)','630',37.48941962,127.0345,'도곡궁산후조리원','02-577-8677','서울','강남구','1500'),(97,'서울특별시 강남구 삼성로 635(삼성동)','1300',37.51658084,127.0510676,'헤리티지산후조리원','02-518-2433','서울','강남구','2300'),(98,'서울특별시 강남구 학동로97길 21-3(청담동)','680',37.52097151,127.0549186,'청담마리더블레스산후조리원','02-3471-2233','서울','강남구','1800'),(99,'서울특별시 강남구 언주로303(역삼동)','1200',37.49457763,127.0460761,'드라마글로벌산후조리원','02-3453-4628','서울','강남구','2600'),(100,'서울특별시 강남구 언주로107길 35  (역삼동)','690',37.50696073,127.036386,'궁산후조리원 강남본원지점','02-555-9550','서울','강남구','2000'),(101,'서울특별시 강남구 압구정로 304 (신사동)','430',37.52884466,127.0344143,'윤호산후조리원','02-2015-2540','서울','강남구','510'),(102,'서울특별시 강남구 영동대로 141길 20','680',37.52312611,127.0532253,'헤리티지산후조리원 2호점','02-517-2433','서울','강남구','1700'),(103,'서울특별시 강남구 자곡로 110','550',37.47203002,127.0957036,'엘 산후조리원','02-579-0303','서울','강남구','660'),(104,'서울특별시 송파구 양산로 12 (거여동)','350',37.48991059,127.1435903,'(주)푸른잎산후조리원','02-431-9694','서울','송파구','370'),(105,'서울특별시 송파구 석촌호수로 156 (삼전동, 썬프라자)','290',37.50673915,127.0943639,'라렌느산후조리원','02-414-3322','서울','송파구','350'),(106,'서울특별시 송파구 송파대로 49길 3 (석촌동)','270',37.50769802,127.1040093,'라벨메르산후조리원','02-484-3710','서울','송파구','280'),(107,'서울특별시 송파구 중대로 317 (오금동)','270',37.50876841,127.1333336,'메종드마망산후조리원','02-3401-1004','서울','송파구',''),(108,'서울특별시 송파구 오금로 152 (송파동, 연세빌딩 4층)','280',37.51018001,127.1114464,'맘스맘산후조리원','02-412-8855','서울','송파구','310'),(109,'서울특별시 송파구 마천로 4 (방이동)','450',37.5102295,127.1214684,'송파에빠토산후조리원','02-457-7700','서울','송파구','650'),(110,'서울특별시 송파구 석촌호수로 284 현대레이크빌2층 (송파동)','190',37.51072858,127.1069791,'뉴더퀸산후조리원','02-420-5560','서울','송파구',''),(111,'서울특별시 송파구 충민로2길 20 (장지동)','350',37.47793472,127.1271252,'송파산모건강증진센터산후조리원','02-431-3535','서울','송파구','450'),(112,'서울특별시 송파구 석촌호수로210, 201 (석촌동)','250',37.50657358,127.1003423,'베르사유산후조리원','02-413-0035','서울','송파구','310'),(113,'서울특별시 송파구 백제고분로50길 7-7, 3-5층(방이동)','360',37.51481652,127.1156077,'아이숲산후조리원','02-418-3727','서울','송파구','550'),(114,'서울특별시 송파구 양재대로 60길 3(가락동)','210',37.49871053,127.1167092,'포유문산후조리원','02-6425-1600','서울','송파구','230'),(115,'서울특별시 강동구 천호대로 1099, 6층 (천호동)','250',37.53576085,127.1341183,'강동맘스㈜','02-485-2151','서울','강동구','270'),(116,'서울특별시 강동구 천호대로 1128, 6~7층 (성내동)','250',37.53416277,127.1365193,'㈜YK동그라미강동점 가율','02-485-0087','서울','강동구',''),(117,'서울특별시 강동구 구천면로 328,6층 (천호동)','150',37.54845458,127.1360515,'임수현','02-426-6568','서울','강동구','160'),(118,'서울특별시 강동구 성안로 156, 4층 (길동)','210',37.53687587,127.1354117,'마미캠프','02-472-6565','서울','강동구',''),(119,'서울특별시 강동구 강동대로 143-64, 3층(성내동)','429',37.52808332,127.1201155,'트리니티㈜강동송파점','02-486-3300','서울','강동구','479'),(120,'서울특별시 강동구 아리수로 421, 7~8층 (강일동)','260',37.56463346,127.1740733,'몽쉘베베','02-3428-3535','서울','강동구',''),(121,'서울특별시 강동구 양재대로 1657-11(명일동)','270',37.55341755,127.1433871,'더(The)동그라미 산후조리원','02-429-6777','서울','강동구',''),(122,'서울특별시 강동구 천호대로 159길 13(천호동)','228',37.53814604,127.1276073,'강동미즈','','서울','강동구','278'),(123,'서울특별시 강동구 올림픽로 833, 3~6층 (암사동)','380',37.5554219,127.1291397,'㈜시월애','02-2135-6800','서울','강동구','450'),(124,'서울특별시 강동구 양재대로 1498, 4층, 5층(길동)','450',37.53930942,127.1409082,'헤라','02-6483-0088','서울','강동구','530'),(125,'서울특별시 강동구 상일로12길 97, 3~4층(강일동)','280',37.55686202,127.1726516,'강동드림','02-441-4567','서울','강동구','350'),(126,'서구 구덕로114(충무동 1가)','160',35.0967347,129.0238394,'구세산후조리원','051-253-3555','부산','서구','240'),(127,'부산광역시 동구 정공단로 34','180',35.135594,129.0549215,'일신기독병원산후조리원','051-630-0670','부산','동구',''),(128,'부산광역시 동구 범일로 89번길 69','230',35.14072608,129.0584561,'좋은문화산후조리원','051-643-3700','부산','동구','340'),(129,'부산광역시 부산진구 가야대로 472(개금동)','230',35.15290151,129.0236141,'아이사랑산후조리원','051-890-7100','부산','부산진구','260'),(130,'부산광역시 부산진구 가야대로 474(개금동)','200',35.15282273,129.0237843,'미래산후조리원','051-714-1234','부산','부산진구','270'),(131,'부산광역시 부산진구 가야대로 459(개금동)','240',35.15360697,129.0223634,'미래여성산후조리원','051-890-9980','부산','부산진구','300'),(132,'동래구 충렬대로 449 (안락동)','200',35.19611159,129.1075967,'좋은날에 드라마산후조리원','051-522-7575','부산','동래구','380'),(133,'부산광역시 남구 수영로 29 동일스위트 3층','240',35.13638309,129.0713299,'마미캠프산후조리원','051-621-1241','부산','남구','400'),(134,'부산광역시 북구 금곡대로 15','110',35.21130728,129.0044621,'미래로산후조리원','051-330-5620','부산','북구','125'),(135,'부산광역시 북구 금곡대로 284번지','200',35.23363158,129.0139909,'조은미즈산후조리원','051-365-3575','부산','북구','280'),(136,'부산광역시 북구 금곡대로 287-7','190',35.23418343,129.0133074,'맘스웰산후조리원','051-797-7770','부산','북구','290'),(137,'부산광역시 북구 금곡대로264-1','130',35.23168792,129.0139603,'화명일신기독병원 산후조리원','070-4498-6070','부산','북구','150'),(138,'부산광역시 해운대구 좌동로 88','240',35.17196459,129.1749526,'마미캠프','051-747-3517','부산','해운대구','280'),(139,'부산광역시 해운대로 794','275',35.16879469,129.1757414,'엘리움','051-929-6000','부산','해운대구','799'),(140,'부산광역시 해운대로 좌동로 66','200',35.17073247,129.1731006,'제일여성','051-743-0331','부산','해운대구',''),(141,'부산광역시 해운대구 해운대로 794,13층','350',35.16879469,129.1757414,'퀸즈파크','051-715-5150','부산','해운대구','1500'),(142,'부산광역시 사하구 낙동대로 234','170',35.09988898,128.9914247,'뉴본','051-910-7180','부산','사하구','220'),(143,'부산광역시 사하구 낙동대로 363, 낙동대로361','240',35.10159978,128.977712,'㈜에디스','051-206-0999','부산','사하구','340'),(144,'부산광역시 사하구 낙동남로 1388','216',35.10587259,128.9634807,'미래아이','051-200-9900','부산','사하구','346'),(145,'부산광역시 금정구 중앙대로 1701(부곡동)','180',35.23644883,129.091567,'순산후조리원(본관)','051-515-0005','부산','금정구','260'),(146,'부산광역시 금정구 중앙대로 1689(부곡동)','220',35.23524271,129.0914966,'순산후조리원(신관)','051-582-0070','부산','금정구','320'),(147,'부산광역시 연제구 고분로 5','180',35.18605458,129.0829385,'연제일신 산후조리원','051-852-2031','부산','연제구','230'),(148,'부산광역시 연제구 중앙대로 1083','180',35.18485361,129.0801463,'위대한탄생 산후조리원','051-862-0010','부산','연제구','230'),(149,'부산광역시 수영구 수영로 555','165',35.15537006,129.1117993,'자모여성병원산후조리원','051-760-0570','부산','수영구','458'),(150,'부산광역시 수영구 황령대로 481번길7','155',35.13917366,129.1069839,'한나여성아이병원산후조리원','051-625-2300','부산','수영구',''),(151,'부산광역시 기장군 정관읍 정관로 601, 5층','69',35.32044008,129.1796391,'아이앤젤산후조리원','051-997-3579','부산','기장군','109'),(152,'부산광역시 기장군 정관읍 정관6로 31, 9층','110',35.31969743,129.1774527,'정관일신기독 산후조리원','051-780-0640','부산','기장군','130'),(153,'부산광역시 명지오션시티4로 95, 9층','190',35.08044175,128.9039375,'웰하이 산후조리원','051-204-5282','부산','강서구',''),(154,'대구광역시 동구 안심로 54, 2,3층(율하동)','240',35.87026474,128.6916454,'아델리아','053-963-6663','대구','동구','260'),(155,'대구광역시 서구 서대구로49(내당동)','220',35.86241981,128.5560399,'닥터안','053-562-0100','대구','서구','260'),(156,'대구광역시 북구 동북로 196','220',35.89758501,128.6134618,'신세계여성병원','053-954-7771','대구','북구','290'),(157,'대구광역시 북구 동북로 156 (스카이빌당9,10)','200',35.89948408,128.6096696,'맘앤휴','053-958-1500','대구','북구','220'),(158,'대구광역시 북구 동천동 952-2','240',35.94322601,128.5577842,'로즈마리','053-210-7737','대구','북구','250'),(159,'대구광역시 북구 팔거천동로 218','220',35.94334514,128.5585917,'설렘','053-314-0113','대구','북구','250'),(160,'대구광역시 북구 학정로 415 메가타운쓰리 6층','195',35.9418458,128.5629842,'류정선','053-352-2900','대구','북구','250'),(161,'대구광역시 수성구 명덕로 432(수성동3가)','260',35.85396674,128.6174348,'김혜정','053-656-0012','대구','수성구','360'),(162,'대구광역시 수성구 수성로 38길 33(중동)','320',35.84336556,128.6132943,'본느마망 신관','053-721-7071','대구','수성구','370'),(163,'대구광역시 수성구 무학로25(상동)','270',35.82961174,128.6112784,'엘리자벳','053-765-8585','대구','수성구','360'),(164,'대구광역시 수성구 동대구로 271(범어동)','260',35.85460515,128.6247377,'여성메디파크','053-740-7760','대구','수성구','320'),(165,'대구광역시 수성구 화랑로 58(만촌동)','176',35.87081068,128.6339735,'지노메디','053-757-2500','대구','수성구','290'),(166,'대구광역시 수성구 청수로 166(지산동)','270',35.83895831,128.6260905,'지온','053-765-0057','대구','수성구','320'),(167,'대구광역시 수성구 달구벌대로 3116(신매동)','280',35.84227006,128.6976818,'시엘','053-214-1009','대구','수성구','330'),(168,'대구광역시 달서구 월배로 62 (진천동 635-3)','195',35.81328325,128.5213372,'달서미즈맘','053-609-5072','대구','달서구','210'),(169,'대구광역시 달서구 월배로 58(진천동 635-1)','240',35.81322124,128.5209324,'리엘','053-636-2221','대구','달서구','280'),(170,'대구광역시 달서구 월배로 141(진천동 57-15)','260',35.81607878,128.5295794,'여성아이','070-4571-7072','대구','달서구','290'),(171,'대구광역시 달서구 구마로 201(성당2동 825-19)','250',35.83748526,128.5497997,'김헤정','053-656-8575','대구','달서구',''),(172,'대구광역시 달서구 와룡로203 (죽전동 274-7)','280',35.85089979,128.5366572,'미래','053-608-7200','대구','달서구','350'),(173,'대구광역시 달서구 용산로 139 (용산동 230-22)','180',35.84988752,128.5301355,'달서여성메디파크','053-667-7530','대구','달서구','250'),(174,'대구광역시 달서구 이곡서로11 (이곡동 1220-2)','220',35.85387007,128.5058052,'꿈담','053-583-7447','대구','달서구','240'),(175,'대구광역시 달서구 월배로 204 (상인동 246-1)','250',35.81799851,128.5362085,'성모','053-280-1500','대구','달서구','280'),(176,'대구광역시 달성군 다사읍 달구벌대로 874(7층)','200',35.85783402,128.4642505,'로즈맘','053-592-3575','대구','달성군','230'),(177,'대구광역시 달성군  유가면 테크노순환로 12길 4, 7층','270',35.69330545,128.4704378,'프로마드레','053-627-5555','대구','달성군','300'),(178,'인천광역시  독배로 463','260',37.46007122,126.6471035,'고은산후조리원','032-870-5314','인천','미추홀구',''),(179,'인천광역시  인주대로 400','280',37.4509809,126.6809906,'W산후조리원','032-341-3535','인천','미추홀구','330'),(180,'인천광역시  경원대로 768(삼보빌딩), 766(서울빌딩)','300',37.45129528,126.6901576,'아인의료재단 서울산후조리원','032-426-3005','인천','미추홀구','350'),(181,'인천광역시  경원대로 890 (보미리즌빌301,302호)','200',37.46216043,126.6902376,'아이미즈 산후조리원','032-435-3575','인천','미추홀구',''),(182,'인천광역시  미추로 56','230',37.4649739,126.6460782,'아이소망 산후조리원','032-883-6376','인천','미추홀구','260'),(183,'인천광역시  앵고개로 260, 7층','240',37.40766546,126.6722916,'우리산후조리원','032-816-5464','인천','연수구',''),(184,'인천광역시  먼우금로 189 소망빌딩 6층','220',37.41462402,126.6758537,'미래제일산후조리원','032-246-0101','인천','연수구','240'),(185,'인천광역시  하모니로 124 송도타운 4층','330',37.38566415,126.6451683,'허브산후조리원','032-851-2552','인천','연수구','360'),(186,'인천광역시 테크노파크로 111번길 4, 드메티스빌딩 6,7층','450',37.38605755,126.6442531,'허브산후조리원 2호점','070-4253-1138','인천','연수구',''),(187,'인천광역시  구월2동342-256 구월프라자7층','180',37.45689462,126.7199346,'아이미즈산후조리원','032-469-1255','인천','남동구',''),(188,'인천광역시  논현동 632-2 아이플렉스빌딩 7층','230',37.4016715,126.7230641,'마이비산후조리원','032-424-7007','인천','남동구','250'),(189,'인천광역시  논현동 c블럭 1로트  에코타워 10층','310',37.41824811,126.739528,'카리스산후조리원','032-441-5599','인천','남동구','330'),(190,'인천광역시  논고개로 71번지  가산타워 5층','260',37.3980151,126.7268435,'리앤아이산후조리원','032-270-7700','인천','남동구','380'),(191,'인천광역시  마장로320','190',37.50659145,126.7036956,'새봄산후조리원','032-507-7200','인천','부평구','260'),(192,'인천광역시  부흥로294번길4','230',37.49822638,126.7242771,'㈜마벨산후조리원','032-523-0700','인천','부평구','250'),(193,'인천광역시  부평대로66','220',37.49732567,126.7228242,'성모산후조리원','032-330-7502','인천','부평구','260'),(194,'인천 계양구 장제로 718 3층','230',37.53183632,126.7342816,'한림산후조리원','032-552-9696','인천','계양구','260'),(195,'인천 계양구 계산새로 71 하이베라스빌딩 A동 3층','200',37.53839755,126.7357715,'HMB산후조리원','032-554-6100','인천','계양구',''),(196,'인천 계양구 장제로 772번길 2','200',37.5365502,126.7347753,'엠앤비산후조리원','032-552-3500','인천','계양구','220'),(197,'인천 계양구 오조산로 53 연세차메디칼빌딩 6,7층','170',37.53558906,126.7382542,'엄마손 산후조리원','032-552-0035','인천','계양구','220'),(198,'인천 서구  가정로 358(가정동)','185',37.51672323,126.6731423,'마리아산후조리원','032-571-5667','인천','서구','205'),(199,'인천 서구 승학로 528(검암동)','190',37.56564477,126.6783575,'엄마품산후조리원','032-566-3313','인천','서구',''),(200,'인천 서구 완정로 8(마전동)','200',37.59435668,126.6728907,'예안(검단서울여성)산후조리원','032-566-1737','인천','서구','230'),(201,'인천 서구 청마로51번안길22(당하동)','230',37.59206131,126.6723434,'탑(이자르)산후조리원','032-463-0118','인천','서구',''),(202,'인천 서구 중봉대로 602 7층,8층(연희동)','290',37.533408,126.6502629,'청라산후조리원','032-716-6006','인천','서구',''),(203,'인천 서구 건지로 371 5,6층(가좌동)','260',37.496952,126.6831373,'그린산후조리원','032-574-3661','인천','서구',''),(204,'인천 서구 길주로 79 성한캐슬 901호(석남동)','220',37.50676558,126.670879,'뉴마더맘산후조리원','032-577-9990','인천','서구','250'),(205,'인천 서구 크리스탈로 84 레이크가든 4층','350',37.53254947,126.6369018,'크리스탈산후조리원','032-584-3535','인천','서구','380'),(206,'광주광역시 서구 시청로 17','308',35.1500534,126.8511832,'미즈피아산후조리원','062-720-9000','광주','서구','420'),(207,'광주광역시 남구 백양로13','168',35.13395547,126.9033343,'모아산후조리원','062-670-7773','광주','남구','240'),(208,'광주광역시 북구 면앙로170번길10(두암동)','210',35.17571006,126.9290753,'에덴병원산후조리원','062-260-3237','광주','북구','222'),(209,'광주광역시 북구북문대로22(운암동)','221',35.1746823,126.8831349,'문화여성병원산후조리원','062-511-6100','광주','북구','273'),(210,'광주광역시 북구 하서로395(양산동)','222',35.21041276,126.8736106,'빛고을산후조리원','062-602-9200','광주','북구','408'),(211,'광주광역시 북구 하서로395(양산동)','258',35.21041276,126.8736106,'신빛고을산후조리원','062-602-9400','광주','북구','300'),(212,'광주광역시 광산구 임방울대로 331','215',35.1896216,126.8230645,'더블유산후조리원','062-616-9100','광주','광산구','363'),(213,'대전광역시 동구 은어송로 63(가오동)','220',36.30666992,127.4560246,'가오플러스산후조리원','042-286-3535','대전','동구',''),(214,'대전광역시 동구 동구청로 89-2(가오동)','220',36.30627467,127.4569792,'라온산후조리원','042-286-3575','대전','동구','270'),(215,'대전광역시 서구 문정로 7, 7~10층(둔산동)','262',36.34543439,127.3805978,'서울여성제1산후조리원','042-488-3565','대전','서구','364'),(216,'대전광역시 서구 계룡로491번길 290(둔산동)','280',36.34872208,127.3821816,'서울여성제2산후조리원','042-488-3565','대전','서구',''),(217,'대전광역시 서구 대덕대로 189, 8~10층(둔산동)','256',36.35024632,127.377256,'모태산후조리원','042-486-1114','대전','서구','355'),(218,'대전광역시 서구 문정로48번길 70, 5층(탄방동)','378',36.34364822,127.3840454,'더블유산후조리원','042-485-0001','대전','서구','449'),(219,'대전광역시 서구 도안대로 25, 5~6층(관저동)','265',36.30382025,127.3343825,'예담산후조리원','042-546-9302','대전','서구','330'),(220,'대전광역시 서구 문정로2번길 95, 7~8층(탄방동)','220',36.34328781,127.385473,'미즈여성산후조리원','042-483-3576','대전','서구','520'),(221,'대전광역시 유성구 테크노중앙로 40(관평동,8층)','200',36.42659391,127.3899267,'아이미래 테크노 산후조리원','042-867-7576','대전','유성구',''),(222,'대전광역시 유성구 원신흥남로28번길(원신흥동)','234',36.33433713,127.3406324,'도안누리산후조리원','042-820-2850','대전','유성구','286'),(223,'대전광역시 유성구 계룡로126번길(봉명동)','260',36.35637999,127.3331496,'미즈제일산후조리원','042-821-0001','대전','유성구','520'),(224,'울산광역시 대공원로 241 코오롱파크폴리스 6층','260',35.53101597,129.3072821,'르보아산후조리원','052-256-1052','울산','남구','280'),(225,'울산광역시 돋질로 336번길 10','270',35.54250804,129.3410938,'보람병원산후조리원','052-278-4500','울산','남구',''),(226,'울산광역시 삼산중로 94','250',35.54184524,129.3359276,'프라우메디병원 산후조리원','052-226-7700','울산','남구','270'),(227,'울산광역시 번영로 160, 4층','330',35.53948471,129.3276041,'리안산후조리원','052-272-2378','울산','남구',''),(228,'울산광역시 동구 방어진순환도로 747','180',35.50842879,129.4298746,'로즈메디산후조리원','052-234-3575','울산','동구',''),(229,'울산광역시 중구 남외2길 36 (6, 7층)','200',35.56670358,129.3509388,'맘스산후조리원','052-290-6721','울산','중구','260'),(230,'울산광역시 중구 종가로 310, M타워 10층','380',35.56377424,129.3108447,'피오레산후조리원','052-256-6011','울산','중구','475'),(231,'세종특별자치시 한누리대로 165, 세종메디피아빌딩 8층','330',36.47993771,127.2620235,'르보아산후조리원','044-716-1004','세종','세종시','380'),(232,'세종특별자치시 갈매로351에비뉴힐빌딩B동3층','320',36.49509594,127.2621642,'드이자르산후조리원','044-905-1004','세종','세종시','340'),(233,'세종특별자치시 만남로 146번지 삼성프라자 3,4층','290',36.51233414,127.2400999,'서산후조리원','044-905-3582','세종','세종시','310'),(234,'세종특별자치시 한누리대로 2265, 5층,6층','260',36.47212609,127.2772281,'세종제일산후조리원','044-867-4600','세종','세종시',''),(235,'세종특별자치시 마음로78 , 스마트큐브2  6,7층','300',36.50553619,127.2337288,'㈜봄날산후조리원','044-862-1070','세종','세종시','300'),(236,'경기도 고양시 덕양구 충장로 2. 센트럴빌딩8층','360',37.61313479,126.834481,'주)세인트누보','031-970-3335','경기','고양시 덕양구','410'),(237,'경기도 고양시 화중로 72번지 6층','290',37.63363766,126.8310546,'더플라워 동그라미','031-819-1000','경기','고양시 덕양구','320'),(238,'경기도 고양시 덕양구중앙로558,16-6(행신동신일빌딩)','200',37.62353779,126.8347678,'이자르','031-938-3038','경기','고양시 덕양구',''),(239,'경기도 고양시 일산동구 중앙로 1317, 6층(장항동, 일산복합빌딩)','294',37.66292551,126.7699418,'유재','031-810-9877','경기','고양시 일산동구','375'),(240,'경기도 고양시 일산동구 중앙로 1071, 6~8층(백석동)','390',37.64457853,126.7853119,'그레이스','031-901-4000','경기','고양시 일산동구','420'),(241,'경기도 고양시 일산동구 중앙로1261번길 61, 8~9층(장항동, 메트로골드)','280',37.65740677,126.7702431,'㈜허스토리','031-902-3588','경기','고양시 일산동구','330'),(242,'경기도 고양시 일산동구 위시티로 18, 2층(식사동, 동국타워)','368',37.67456285,126.8075153,'퀸스파크','031-932-3737','경기','고양시 일산동구','408'),(243,'경기도 고양시 일산동구 일산로 433, 2~3층(정발산동)','230',37.67282058,126.7783027,'더 아마레','031-922-8200','경기','고양시 일산동구','250'),(244,'경기도 고양시 일산서구 덕이로8','280',37.68987901,126.7583065,'아이산 산후조리원','031-916-9410','경기','고양시 일산서구',''),(245,'경기도 고양시 일산서구 중앙로1443,','240',37.67039464,126.7597131,'사랑애 산후조리원','031-911-0704','경기','고양시 일산서구',''),(246,'경기도 고양시 일산서구 중앙로1559','230',37.67542099,126.7482064,'베니에 산후조리원','031-924-5800','경기','고양시 일산서구','250'),(247,'경기도 광명시 범안로 1062, 천일빌딩 8~9층','260',37.46274677,126.8807325,'미래여성산후조리원','02-807-1002','경기','광명시','310'),(248,'경기도 광명시 소하로 109번길 22, 3~4층(소하동)','300',37.44778866,126.8854911,'레피리움산후조리원 광명','02-898-3572','경기','광명시',''),(249,'경기도 광명시 소하로78, 신성프라자 4층','230',37.44792066,126.8833518,'광명제일산후조리원(소하점)','02-898-0898','경기','광명시',''),(250,'경기도 광명시 범안로 1060, 남전빌딩 4층','250',37.46263717,126.8806818,'미래휴산후조리원','02-892-2300','경기','광명시','280'),(251,'경기도 광명시 광명로 906, 현대빌딩 9층','250',37.47974441,126.8548968,'광명제일산후조리원(광명점)','02-2686-5800','경기','광명시',''),(252,'경기도 광명시 오리로 889, 7~8층(철산동)','210',37.47629948,126.8637162,'이즈맘산후조리원','02-2066-3555','경기','광명시','250'),(253,'경기도 광명시 광명로 878(광명동)','290',37.47734052,126.8537462,'광명제일산후조리원 신관','02-2616-2686','경기','광명시','350'),(254,'경기도 구리시 검배로 36길 현주빌딩 6층','230',37.59799283,127.1430513,'동그라미','031-567-0012','경기','구리시',''),(255,'경기도 구리시 건원대로33번길 4','210',37.60424052,127.1398188,'마리본','031-551-2700','경기','구리시','230'),(256,'경기도 구리시 아차산로 499, 티움 B동 4층','260',37.59968688,127.1301025,'마더러브','031-564-3535','경기','구리시',''),(257,'경기도 구리시 벌말로 145','280',37.5895226,127.1487602,'이자르씨엔세스 구리토평점','031-555-8844','경기','구리시','300'),(258,'경기도 군포시 산본로 386번길 4-19','210',37.36399821,126.9310988,'산본제일병원부설 신산본 산후조리원','031-390-1900','경기','군포시','230'),(259,'경기도 군포시 산본로 386번길 4-11','200',37.36428545,126.9308503,'산본제일산후조리원','031-390-3790','경기','군포시','220'),(260,'경기도 군포시 산본로394','300',37.36513067,126.9297259,'베네라산후조리원','031-398-0721','경기','군포시','320'),(261,'경기도 군포시 산본로398 태주빌딩 7-8층','270',37.36549658,126.9294359,'맘스포레산후조리원','031-399-6522','경기','군포시',''),(262,'경기도 김포시 돌문로 99','390',37.62191189,126.7128214,'스위트나리 산후조리원','031-997-6301','경기','김포시','600'),(263,'경기도 김포시 김포한강1로 247, 703','350',37.65426849,126.6848194,'결한방 산후조리원','031-991-9933','경기','김포시','390'),(264,'경기도 김포시 김포한강8로 396, 지오타워 6~7층','270',37.64327732,126.6251112,'조은미래 산후조리원','031-982-6655','경기','김포시','300'),(265,'경기도 김포시 태장로 808, 7~8층','450',37.63758618,126.6778393,'㈜한강가온누리 베누앙 산후조리원','031-8049-3535','경기','김포시','700'),(266,'경기도 김포시 김포대로 681','290',37.61121642,126.7347232,'히즈메디 수 산후조리원','031-996-3607','경기','김포시','320'),(267,'경기도 김포시 유현로 52, 2층 현대프라임프라자','280',37.59680154,126.727764,'이자르레피리움 산후조리원','031-981-2998','경기','김포시',''),(268,'경기도 남양주시 호평동 경춘로1511(14 메디피아빌딩 4층)','160',37.65555764,127.259389,'메디피아','031-595-8400','경기','남양주시',''),(269,'경기도 남양주시 평내동 경춘로 1256번길 9(579-2 다모아프라자 403-408호)','220',37.64611432,127.2354079,'조은','031-511-1187','경기','남양주시',''),(270,'경기도 남양주시 호평동 640-2 늘을 2로 20(640-2 리베로빌딩 501-505호)','220',37.65448433,127.2440678,'한나','031-592-6122','경기','남양주시',''),(271,'경기도 남양주시 진접읍 해밀예당1로 79-3','230',37.71622488,127.1880101,'드림맘','031-527-2900','경기','남양주시(풍양)','330'),(272,'경기도 남양주시 별내동 별내2로 74','290',37.64688034,127.1255433,'동그라미(별내점)','031-838-1000','경기','남양주시(풍양)',''),(273,'경기도 남양주시 별내동 별내3로 320','300',37.66600672,127.1178143,'마리라헨','031-568-7373','경기','남양주시(풍양)','360'),(274,'경기도 부천시 원미구 길주로84(상동)','260',37.50525177,126.7515956,'㈜서울여성','032-230-7200','경기','부천시 원미구','310'),(275,'경기도 부천시 원미구 중동로 248번길 19','220',37.50191233,126.7697766,'초앤유','032-320-3706','경기','부천시 원미구','290'),(276,'경기도 경기도 부천시 원미구 부흥로 307번길 23','220',37.49549634,126.7764548,'삼성미래','032-322-7500','경기','부천시 원미구','290'),(277,'경기도 경기도 부천시 원미구 중동 길주로 251(중동1056-3)','320',37.5042763,126.7705512,'㈜더홈','032-328-3630','경기','부천시 원미구','420'),(278,'경기도 부천시 원미구 부천로 110-1 한위빌딩 8층','190',37.49405433,126.7853637,'친정','032-665-0070','경기','부천시 원미구','240'),(279,'경기도 부천시 원미구 송내대로 265번길 19 대신프라자 6층 ','240',37.50648679,126.7578811,'한아름','032-329-9400','경기','부천시 원미구','260'),(280,'경기도 부천시 원미구 길주로307, 로얄프라자 7층701호','290',37.50350444,126.7767601,'주식회사로엔','032-324-2100','경기','부천시 원미구','300'),(281,'경기도 성남시 분당구 야탑로 65번길 16','360',37.41102144,127.126361,'분당차병원','031-780-2996','경기','성남시 분당구','555'),(282,'경기도 성남시 분당구 야탑로 32','170',37.40878313,127.1226086,'엄마손','031-703-5550','경기','성남시 분당구','210'),(283,'경기도 성남시 분당구 황새울로 200번길 36','330',37.37731331,127.1141123,'분당더팰리스','031-711-6169','경기','성남시 분당구','380'),(284,'경기도 성남시 분당구 서현로 180번길, 29','352',37.3868224,127.1216138,'분당제일','031-781-3631','경기','성남시 분당구','376'),(285,'경기도 성남시 분당구 서현로 180번길 26','320',37.38726748,127.1212677,'세인트포시즌','031-703-2015','경기','성남시 분당구','320'),(286,'경기도 성남시 분당구 중앙공원로 40번길 4','250',37.38033917,127.129424,'㈜디아망산후조리원 분당서현점','031-781-7004','경기','성남시 분당구','260'),(287,'경기도 성남시 분당구 운중로 128','400',37.39131226,127.0773576,'㈜와이케이동그라미 레피리움 판교점','031-709-5800','경기','성남시 분당구',''),(288,'경기도 성남시 분당구 판교역로192번길 14-2','349',37.39748057,127.1120466,'더리움','031-8016-1173','경기','성남시 분당구','399'),(289,'경기도 성남시 분당구 정자일로 121','370',37.3611007,127.1051797,'에르메스','031-717-7787','경기','성남시 분당구','370'),(290,'경기도 성남시 분당구 새마을로 231','580',37.38744789,127.1544545,'라크렘','031-706-9988','경기','성남시 분당구','1150'),(291,'경기도 성남시 분당구 새마을로165번길 34','340',37.38628584,127.1497112,'플로라','031-702-3377','경기','성남시 분당구','390'),(292,'경기도 성남시 분당구 서현로 180번길 13','340',37.38789675,127.1228828,'포스피탈림','031-603-9921','경기','성남시 분당구','380'),(293,'경기도 성남시 분당구 구미로9번길 7','290',37.33896429,127.1100857,'㈜배냇산후조리원','031-718-5678','경기','성남시 분당구','340'),(294,'성남시 수정구 제일로 147(수진동)','220',37.43955917,127.1321921,'다온산후조리원','031-752-2627','경기','성남시 수정구','250'),(295,'성남시 수정구 수정로 80(수진동)','240',37.43994187,127.1295584,'신데렐라산후조리원','031-723-7776','경기','성남시 수정구','260'),(296,'성남시 수정구 수정로 171번길 7-1(수진동)','161',37.44360297,127.138407,'이제산후조리원','031-721-5700','경기','성남시 수정구','187'),(297,'성남시 수정구 수정로 73번길 16-27','319',37.44066603,127.1290984,'곽생로산부인과부설산후조리원','031-723-7266','경기','성남시 수정구','349'),(298,'성남시 수정구 위례광장로 41번길 4층','340',37.46793957,127.1401515,'위례퍼스트산후조리원','031-756-0006','경기','성남시 수정구',''),(299,'성남시 수정구 성남대로1202, 유천빌딩 3~5층','285',37.43706839,127.1287234,'드이자르산후조리원','031-757-6161','경기','성남시 수정구',''),(300,'경기도 성남시 중원구 자혜로17번길 16','250',37.45110322,127.1635064,'맘스파크','031-734-0005','경기','성남시 중원구','270'),(301,'경기도 시흥시 대야로 34, 3~4층 ( 대야동)','200',37.44620049,126.7902494,'㈜중앙산후케어하우스 산후조리원','031-315-3338','경기','시흥시','260'),(302,'경기도 시흥시 정왕대로 184, 3층(정왕동)','130',37.34747742,126.7344121,'시화박산부인과조리원','031-319-7861','경기','시흥시','130'),(303,'경기도 시흥시 정왕대로 78, 4층(정왕동)','250',37.35326514,126.7250332,'예진 산후조리원','031-431-1134','경기','시흥시','270'),(304,'경기도 시흥시 월곶해안로 171, 3~4층(월곶동)','190',37.38827003,126.7388048,'한나 산후조리원','031-316-8852','경기','시흥시','200'),(305,'경기도 안산시 단원구 광덕1로 195, 6층 601호 (고잔동, 광장타워)','330',37.30816609,126.8316229,'라움산후조리원','031-485-5544','경기','안산시 단원구','390'),(306,'경기도 안산시 단원구 원포공원2로 35 (초지동,메가쇼핑1, 5층 전체)','270',37.30174938,126.8135196,'맘편한산후조리원','031-411-3552','경기','안산시 단원구','290'),(307,'경기도 안산시 단원구 고잔로 58-10 (고잔동,5층전체, 7층일부)','200',37.31845744,126.8319952,'세창의료재단우성여성병원산후조리원','031-412-3070','경기','안산시 단원구','239'),(308,'경기도 안산시 단원구 광덕동로 53 (고잔동,5~6층)','200',37.30914778,126.8322765,'한빛여성병원산후조리원','031-410-3316','경기','안산시 단원구',''),(309,'경기도 안산시 단원구 선부광장1로 22 (선부동,5층)','200',37.33598726,126.8077438,'열린산후조리원','031-402-3636','경기','안산시 단원구','230'),(310,'경기도 안산시 상록구 샘골로 112, 2층','180',37.29376837,126.8632118,'미즈피아산후조리원','031-407-0077','경기','안산시 상록구',''),(311,'경기도 안성시 중앙로 368(7층)','180',37.00773702,127.2676199,'모아산후조리원','031-674-7759','경기','안성시','200'),(312,'경기도 안양시 동안구 평촌대로217번길 27 (호계동, 봄빛병원 8층)','210',37.39032774,126.9541325,'봄빛산후조리원','031-380-7300','경기','안양시 동안구','210'),(313,'경기도 안양시 동안구 시민대로 181 (비산동, 건설타워 5층 )','185',37.39150388,126.9511783,'봄빛병원부설 산후조리원1관','031-384-1010','경기','안양시 동안구','230'),(314,'경기도 안양시 동안구 시민대로 214 (호계동, 다운타운 9층, 10층)','210',37.39193298,126.9548128,'봄빛병원 부설 산후조리원 2관','031-385-1010','경기','안양시 동안구','380'),(315,'경기도 안양시 안양시 동안구 평촌대로211번길 16 (호계동, 동아월드프라자 10층)','250',37.39037246,126.9550331,'노블맘 산후조리원','031-386-1300','경기','안양시 동안구','260'),(316,'경기도 안양시 동안구 동편로 20번길 28','220',37.40538841,126.9724832,'디어맘산후조리원','031-422-0081','경기','안양시 동안구',''),(317,'경기도 안양시 동안구 흥안대로 125, 7층(호계동, 동안빌딩)','420',37.37085706,126.9585816,'그랑베이산후조리원','031-427-1725','경기','안양시 동안구','420'),(318,'경기도 안양시 만안구 예술공원로 153-18,2층','290',37.41941575,126.9232224,'동그라미산후조리원 안양점','031-471-6610','경기','안양시 만안구',''),(319,'경기도 양주시 평화로1489번길 13','270',37.82326758,127.0487234,'더올리비에르','031-859-8866','경기','양주시',''),(320,'경기도 양주시 고읍남로 6-6, 해동센트럴타워 6층','270',37.79619666,127.0801217,'그라티아','031-856-7790','경기','양주시','280'),(321,'경기도 오산시 대원로 24(원동)','270',37.14615132,127.0709207,'우먼필산후조리원','031-378-5949','경기','오산시',''),(322,'경기도 오산시 대원로 57(원동)','180',37.14658764,127.0747588,'하늘고래산후조리원','031-373-3588','경기','오산시','200'),(323,'경기도 오산시 경기대로 154, 6층','230',37.13849425,127.0738675,'오산산후조리원','031-373-3568','경기','오산시','210'),(324,'경기도 기흥구 보정동 1263 죽전누리에뜰 3층','200',37.32003339,127.110805,'푸르밍산후조리원','031-888-9921','경기','용인시 기흥구','270'),(325,'경기도 기흥구영덕동985-1이시티B동6층','208',37.27575283,127.0718759,'다온누리산후조리원','1566-1641','경기','용인시 기흥구','248'),(326,'경기도 기흥구 서천로202번길 1','270',37.23027535,127.0700507,'사랑돌봄산후조리원','031-548-2705','경기','용인시 기흥구',''),(327,'경기도 기흥구 흥덕 중앙로120(영덕동)','300',37.27489003,127.0800975,'포모나산후조리원','031-215-7722','경기','용인시 기흥구','340'),(328,'경기도 기흥구 헝둑2로 85(영덕동 우연프라자5층)','300',37.27007123,127.1183223,'벨라니산후조리원','031-211-2288','경기','용인시 기흥구','350'),(329,'경기도 기흥구 구갈로 70(구갈동)','270',37.28055611,127.1116789,'노블엘르산후조리원','031-286-1016','경기','용인시 기흥구','310'),(330,'경기도 기흥구 죽전로 2 (보정동 현타위 9층)','220',37.3202141,127.1089707,'포근포근산후조리원','031-897-7988','경기','용인시 기흥구',''),(331,'경기도 기흥구 죽현로 80번깅 54(보정동)','300',37.31840346,127.1183236,'크래들산후조리원','031-896-2222','경기','용인시 기흥구','340'),(332,'경기도 용인시 수지구 용구대로 2702, 4~5층 (죽전동, 동춘프라자)','270',37.32674211,127.109236,'에스더 산후조리원','031-264-2722','경기','용인시 수지구','285'),(333,'경기도 용인시 수지구 포은대로313번길 4, 6~7층 (풍덕천동)','266',37.31502203,127.0864123,'수지미래 산후조리원','031-896-3333','경기','용인시 수지구','304'),(334,'경기도 용인시 수지구 손곡로 95, 4~5층 (동천동, 송란아트프라)','260',37.33596412,127.0918085,'알리르마리','031-263-1068','경기','용인시 수지구','300'),(335,'경기도 용인시 수지구 성복2로 348 (성복동)','400',37.32000327,127.0508541,'디엘린','031-263-8855','경기','용인시 수지구','560'),(336,'경기도 용인시 수지구 풍덕천로 149, 7층 (풍덕천동, 현대프라자)','250',37.32461862,127.0975917,'포시즌','031-272-7788','경기','용인시 수지구','250'),(337,'경기도 용인시 수지구 법조로 242, 3~5층 (상현동, 광교파크프라자)','270',37.30049601,127.074628,'㈜디아망산후조리원','031-225-0011','경기','용인시 수지구','290'),(338,'경기도 용인시 처인구 금학로 345번길(김량장동)','250',37.23659888,127.2129842,'마미맘스산후조리원','031-323-3510','경기','용인시 처인구','280'),(339,'경기도 용인시 처인구 중부대로 1347번길 7, 8층(김량장동)','200',37.23528051,127.1945549,'용인제일산후조리원','031-8031-0200','경기','용인시 처인구','200'),(340,'경기도 의왕시 포일세거리로 10, 3층(포일동, 포일프라임타워)','300',37.39598744,126.9856135,'라움산후조리원','031-422-5155','경기','의왕시','350'),(341,'경기도 의정부시 청사로5번길 8~9층(신곡동, 씨티메디타운)','300',37.74915856,127.0702964,'우먼피아','031-853-6767','경기','의정부시','320'),(342,'경기도 의정부시 외미로 95. 7층(호원동, 하나프라자)','240',37.72456269,127.045962,'㈜이자르레피리움네이처','031-836-3001','경기','의정부시',''),(343,'경기도 의정부시 신흥로 130, 3~4층(호원동, 온누리빌딩)','280',37.72753714,127.0439488,'맘 산후조리원','031-879-8434','경기','의정부시',''),(344,'경기도 의정부시 오목로 205번길 22, 2~5층(민락동, 위드프라자)','250',37.7454089,127.0976781,'릴리브 산후조리원','031-853-2030','경기','의정부시','290'),(345,'경기도 의정부시 오목로225번길 100 CY빌딩 7층','350',37.74675025,127.0945756,'우먼피아민락점','031-853-2030','경기','의정부시','350'),(346,'경기도 의정부시 부용로 105(금오동, 473-4 플래티넘프라자2, 6층)','250',37.75129359,127.0693532,'히아신스','031-853-9115','경기','의정부시','250'),(347,'경기도 이천시 경충대로 2564','200',37.27493952,127.4482183,'마리나산후조리원','031-636-0671','경기','이천시','250'),(348,'경기도 이천시 이섭대천로 1186','200',37.27618183,127.4472016,'YJB산후조리원','031-631-9170','경기','이천시','220'),(349,'경기도 파주시 와석순환로 133','240',37.71213452,126.7451311,'뉴아모르','070-7813-2000','경기','파주시',''),(350,'경기도 파주시 금정7길 29','260',37.75728463,126.7747293,'미소래','031-945-1837','경기','파주시',''),(351,'경기도 파주시 경의로 1114, 에펠타워 7층','430',37.71661851,126.7603951,'쉼','031-947-9030','경기','파주시',''),(352,'경기도 파주시 경의로 1100, 연세빌딩 5층','430',37.71533363,126.7601426,'라벨팜므','031-942-3535','경기','파주시','510'),(353,'경기도 파주시 와동동 1458-1 아름터타워 8~10층','400',37.72924736,126.7637334,'드팜므','031-949-1265','경기','파주시','1200'),(354,'경기도 파주시 금바위로 50','230',37.72902778,126.7588574,'와이즈','031-937-8858','경기','파주시',''),(355,'경기도 평택시 중앙로 146-1','294',36.99220321,127.0991679,'예일퀸스하우스산후조리원','031-8054-7337','경기','평택시평택','308'),(356,'경기도 평택시 비전5로 3','286',36.99992157,127.1116637,'지엔산후조리원','031-1800-7050','경기','평택시평택','400'),(357,'경기도 평택시 중앙로 106.3층','230',36.99319524,127.0946556,'라마즈산후조리원','031-618-9793','경기','평택시평택','310'),(358,'경기도 평택시 안중읍 안중로 131번길 14-15','160',36.99008053,126.9295539,'안중산후조리원','070-4284-7924','경기','평택시평택',''),(359,'경기도 평택시 비전2로 121','300',37.00246111,127.1044063,'㈜럭셔리포레산후조리원','031-651-8279','경기','평택시평택',''),(360,'경기도 평택시 지산로64 4,6층','350',37.0796832,127.0620631,'더네이처산후조리원','031-668-3579','경기','평택시송탄','411'),(361,'경기도 하남시 덕풍동로 111-15,9층(덕풍동, 리치플러스)','250',37.55143497,127.2079444,'샤넬 산후조리원','031-796-8816','경기','하남시',''),(362,'경기도 하남시 미시강변대로54번길121, 연세아란빌딩6,7층(풍산동)','280',35.12191511,128.9616757,'연세아란산후조리원','031-793-8300','경기','하남시','380'),(363,'하남시 미사강변대로34번길 66, 플레이스이안 5층(풍산동)','300',37.55546054,127.1876704,'미사린 산후조리원','031-792-3355','경기','하남시','350'),(364,'화성시 봉담읍 삼천병마로 1344','170',37.22443164,126.9535185,'GM 산후조리원','031-278-7373','경기','화성시',''),(365,'화성시 동탄 지성로 139','215',37.20932192,127.0601429,'미즈파크 산후조리원','031-8003-7575','경기','화성시','230'),(366,'화성시 향남읍 향정중앙로 69-17','245',37.12143949,126.9752534,'해피본 산후조리원','031-8059-8866','경기','화성시',''),(367,'화성시 반월동 882 두산위브 2층','450',37.23490795,127.0662981,'YK동그라미 산후조리원','031-273-6644','경기','화성시',''),(368,'화성시 동탄지성로 126','220',37.20935298,127.0618093,'누리보듬 산후조리원','031-8003-5445','경기','화성시','260'),(369,'화성시 동탄공원로 24','195',37.20174842,127.0596847,'반송제일 산후조리원','031-8015-0115','경기','화성시',''),(370,'화성시 석우동 42-4','300',37.21602376,127.0786086,'동탄제일프리미엄','031-266-3535','경기','화성시','370'),(371,'화성시 동탄중앙로381-7 성심프라자 5층','240',37.21587113,127.0791885,'동탄제일 산후조리원','031-8015-1115','경기','화성시','240'),(372,'화성시 반송동 동탄문화센타 61 3층 아시아프라자','245',37.2032938,127.0596612,'아이소리 산후조리원','031-8015-2022','경기','화성시','265'),(373,'화성시 동탄대로 537, 3층 338-342호','270',37.20222241,127.0979234,'위대한탄생 산후조리원','031-372-6762','경기','화성시',''),(374,'화성시 동탄신리천로 254, 양지프라자5F','400',37.18404186,127.1062271,'노블아이 산후조리원','031-8077-2292','경기','화성시','500'),(375,'경기도 수원시 장안구 경수대로 892(조원동)','230',37.29988433,127.0118918,'우먼플러스산후조리원','031-248-8114','경기','수원시 장안구',''),(376,'경기도 수원시 장안구 만석로 5번길 12-8(천천동)','220',37.29549293,126.9831007,'베스트산후조리원','031-269-8833','경기','수원시 장안구','280'),(377,'경기도 수원시 권선구 경수대로 358(권선동)','266',37.25832093,127.0234527,'오월꿈 산후조리원','031-225-7777','경기','수원시 권선구',''),(378,'경기도 수원시 권선구 동수원로 220, 3층','280',37.24934229,127.034024,'에덴메디 산후조리원 1호점','031-232-8114','경기','수원시 권선구','310'),(379,'경기도 수원시 권선구 덕영대로 1156','250',37.25035991,127.0169156,'에덴메디 산후조리원 2호점','031-233-6114','경기','수원시 권선구',''),(380,'경기도 수원시 권선구 금곡로 197번길 70(금곡동)','280',37.27544578,126.9539339,'세인트마리 산후조리원','031-289-3056','경기','수원시 권선구','360'),(381,'경기도 수원시 권선구 서부로 1596번길 10','270',37.25150217,126.9765596,'루시아 산후조리원','031-895-8100','경기','수원시 권선구','410'),(382,'경기도 수원시 팔달구 경수대로527(인계동)','280',37.27310617,127.0285473,'쉬즈메디 산후조리원','031-235-7337','경기','수원시 팔달구','390'),(383,'경기도 수원시 팔달구 덕영대로 691번길12(화서동, 5층)','190',37.28509233,126.9907076,'수원제일 산후조리원','070-4848-2768','경기','수원시 팔달구','230'),(384,'경기도 수원시 팔달구 덕영대로 691번길12(화서동, 6층)','230',37.28509233,126.9907076,'수원제일리젠','070-4848-2769','경기','수원시 팔달구','250'),(385,'경기도 수원시 영통구 반달로 21, 6층 (영통동, 매직플라자)','250',37.25163066,127.0750431,'베누스산후조리원','031-204-2049','경기','수원시 영통구','290'),(386,'경기도 수원시 영통구 청명남로34번길 21, 6층 (영통동, 테라스가든)','320',37.25232626,127.0767257,'샤론산후조리원','031-204-9700','경기','수원시 영통구','380'),(387,'경기도 수원시 영통구 봉영로 1605 (영통동)','260',37.25452868,127.0734685,'(주)시온산후조리원','031-206-7500','경기','수원시 영통구','290'),(388,'경기도 수원시 영통구 웰빙타운로36번길 46-229(이의동)','460',37.31239079,127.0552717,'㈜네이처스품산후조리원','031-215-7347','경기','수원시 영통구','460'),(389,'경기도 수원시 영통구 반달로7번길 40 (영통동)','210',37.25353437,127.0752072,'미소 산후조리원(영통점)','031-273-0051','경기','수원시 영통구','250'),(390,'경기도 수원시 영통구 중부대로 333 (원천동)','195',37.27363298,127.0522153,'연세산후조리원','031-548-2020','경기','수원시 영통구','230'),(391,'경기도 여주시 여흥로160번길 16','168',37.29456871,127.6395071,'경기 여주공공산후조리원','031-881-9500','경기','여주시',''),(392,'강원도 강릉시 율곡로 2982-6(교동)','230',37.76831068,128.8923117,'세가온산후조리원','033-643-8114','강원','강릉시','250'),(393,'강원도 강릉시 옥가로 21 지산빌딩 6층(옥천동)','295',37.75834458,128.8990055,'아이앤맘산후조리원','033-643-9600','강원','강릉시','333'),(394,'강원도 강릉시 경강로 2109 문선빌딩 5층(임당동)','275',37.75567479,128.8971815,'행복누리산후조리원','033-641-6680','강원','강릉시','315'),(395,'강원도 동해시 천곡로 86-2 (천곡동)','190',37.52286284,129.1150667,'글로리아산후조리원','033-532-0080','강원','동해시','230'),(396,'강원도 동해시 한섬로 113-7 (천곡동)','190',37.5223201,129.115956,'아이맘산후조리원','033-532-8082','강원','동해시','230'),(397,'강원도 삼척시 오십천로 418','180',37.43996358,129.1631429,'강원도삼척의료원 공공산후조리원','033-570-7550','강원','삼척시',''),(398,'강원도 원주시 서원대로402','190',37.33045986,127.949297,'㈜미래 산후조리원','033-765-7900','강원','원주시','210'),(399,'강원도 원주시 능라동길61','250',37.33414839,127.9312328,'율 산후조리원','033-765-0652','강원','원주시','270'),(400,'강원도 원주시 시청로98','180',37.3359545,127.9287525,'연세봄 산후조리원','033-745-5602','강원','원주시','190'),(401,'강원도 원주시 이화6길1','230',37.3435314,127.9322574,'미즈 산후조리원','033-733-3537','강원','원주시','250'),(402,'강원도 원주시 장미공원길43-6','260',37.346527,127.9301964,'연세순풍 산후조리원','033-745-7020','강원','원주시',''),(403,'강원도 원주시 영랑길14-2','240',37.3410022,127.9717074,'(주)프리티가든산후조리원','033-901-5959','강원','원주시','260'),(404,'강원도 춘천시 퇴계로 188 쎈타워 6.7층','200',37.85714385,127.7393692,'호산후조리원','033-261-3317','강원','춘천시','230'),(405,'강원도 춘천시 터미널길 21','230',37.86438929,127.7190975,'아름다운산후조리원','033-241-7400','강원','춘천시','280'),(406,'강원도 춘천시 중앙로 116','180',37.87675039,127.7222618,'미래산후조리원','033-241-7677','강원','춘천시','185'),(407,'강원도 철원군 갈말읍 명성로 202-9','179',38.14980344,127.308037,'철원군 공공산후조리원','033-452-2990','강원','철원군',''),(408,'충청남도 천안시 동남구 수곡2길 17-17','280',36.79079621,127.1269394,'연세하임산후조리원','041-412-5566','충남','천안시 동남구','280'),(409,'충청남도 천안시 서북구 두정로202(두정동)','250',36.8333836,127.139316,'리즈앤마리안산후조리원','041-523-6110','충남','천안시 서북구',''),(410,'충청남도 천안시 서북구 충무로161(쌍용동)','220',36.79407399,127.1250874,'이화산후조리원','041-570-1280','충남','천안시 서북구',''),(411,'충청남도 천안시 서북구 미라3길15(쌍용동)','200',36.80100982,127.13054,'혜성성산후조리원','041-570-9300','충남','천안시 서북구',''),(412,'충청남도 천안시 서북구 두정로208(두정동)','230',36.83337674,127.1400275,'쟈스민산후조리원','041-567-1052','충남','천안시 서북구','240'),(413,'충청남도 천안시 서북구 성정공원1길 9-13','280',36.82648733,127.1378101,'퀸스산후조리원','041-902-1000','충남','천안시 서북구','350'),(414,'충청남도 천안시 서북구 성정공원1길 9-13','270',36.82648733,127.1378101,'노블리스산후조리원','041-902-3355','충남','천안시 서북구',''),(415,'충청남도 천안시 서북구 불당99길 7','290',36.87919651,127.1709436,'더앙즈로산후조리원','041-1644-0870','충남','천안시 서북구','350'),(416,'충남 공주시 번영1로 124(신관동)','140',36.47414098,127.1412452,'미앤맘산후조리원','041-840-1080','충남','공주시',''),(417,'충청남도 아산시 번영로204(모종동) 청아메디타워','190',36.78441111,127.0133169,'미즈산후조리원','041-547-2024','충남','아산시','240'),(418,'충청남도 아산시 배방읍 배방로26,701호','220',36.77453256,127.0539481,'㈜다온미래산후조리원','041-549-3582','충남','아산시','250'),(419,'충청남도 아산시 배방읍 고속철대로 71','280',36.79071025,127.1075649,'(주)삼성미즈산후조리원','041-980-0000','충남','아산시','320'),(420,'충청남도 서산시 율지4로 5','180',36.78036113,126.4598688,'한마음산후조리원','041-667-8560','충남','서산시','200'),(421,'충청남도 서산시 남부순환로 1031 2층','210',36.76811737,126.4521624,'엠산후조리원','041-429-2004','충남','서산시','210'),(422,'충청남도 당진시 당진중앙2로 415(수청동)','240',36.90058421,126.6452499,'미즈맘산후조리원','041-352-8720','충남','당진시',''),(423,'충청남도 당진시 시청1로 72(읍내동)','220',36.89123396,126.6396067,'맘앤캐슬산후조리원','041-357-3853','충남','당진시',''),(424,'청주시 상당구 용암북로 160번길 34-7','116',36.62107912,127.5154684,'삼성산후조리원','043-291-3582','충북','청주시 상당구',''),(425,'청주시 서원구 사직대로 101(사창동)','140',36.63522203,127.4587804,'민병열산부인과산후조리원','043-262-8540','충북','청주시 서원구','160'),(426,'청주시 서원구 복대로 17번길 7-42(개신동)','225',36.61734655,127.445324,'㈜모태안산후조리원','043-239-0002','충북','청주시 서원구','325'),(427,'청주시 서원구 신화로 50(성화동)','211',36.6191572,127.4554731,'하안유산후조리원','043-238-5900','충북','청주시 서원구','237'),(428,'청주시 흥덕구 풍산로 36번길(가경동)','100',36.62863361,127.4452017,'해피맘산후조리원','043-239-0221','충북','청주시 흥덕구',''),(429,'청주시 흥덕구 가경로 16-2(가경동)','110',36.61724005,127.4438989,'청주미즈맘산후조리원','043-237-2201','충북','청주시 흥덕구','120'),(430,'청주시 흥덕구 사직대로 42(복대동)','150',36.63404524,127.4521151,'미래여성산후조리원','043-267-2545','충북','청주시 흥덕구','180'),(431,'청주시 청원구 충청대로179(주중동, 청주다나여성병원)','201',36.67222196,127.4957732,'다나산후조리원','043-284-3535','충북','청주시 청원구','251'),(432,'청주시 청원구 오창읍 중심상업로 17','180',36.71244352,127.4292744,'미즈산후조리원','043-2413-0201','충북','청주시 청원구',''),(433,'충주시 약막7길 44-11, 1~2층(안림동)','260',36.97892817,127.9694504,'엔젤산후조리원','043-854-8004','충북','충주시',''),(434,'전라북도 군산시 월명로 144','160',35.95714224,126.7165914,'은혜산후조리원','063-471-2955','전북','군산시','180'),(435,'전라북도 군산시 문화로 164','140',35.96969014,126.7237465,'미래와여성산후조리원','063-441-1170','전북','군산시','150'),(436,'전라북도 전주시 덕진구 견훤로 215 (3,5,6층)','140',35.83081172,127.1586758,'한별산후조리원','063-244-3559','전북','전주시','280'),(437,'전라북도 익산시 배산로 66','210',35.94381262,126.9385108,'미래와여성 산후조리원','063-857-5533','전북','익산시',''),(438,'전라북도 익산시 무왕로 1018','220',35.9583902,126.9697255,'휴산후조리원','063-840-5060','전북','익산시',''),(439,'전라북도 전주시 완산구 쑥고개로 343','160',35.80328582,127.1027043,'미르피아산후조리원','063-241-3522','전북','전주시',''),(440,'전라북도 전주시 덕진구 가재미로 7','120',35.8258524,127.1633171,'푸른산부인과 산후조리원','063-247-2114','전북','전주시',''),(441,'전라북도 전주시 덕진구 도당산4길 8-18','100',35.84784796,127.1579722,'정성산후조리원','063-244-4755','전북','전주시','130'),(442,'전라북도 전주시 완산구 소대배기로 16','155',35.78709087,127.1318598,'세나산후조리원','063-226-8230','전북','전주시','170'),(443,'전라북도 전주시 덕진구 기린대로 489','120',35.84276061,127.1243933,'한나산후조리원','063-250-3400','전북','전주시',''),(444,'전라북도 전주시 완산구 어은로 46 (5층)','185',35.81741117,127.1285643,'우석대부속전주 한방병원산후조리원','063-220-8300','전북','전주시','235'),(445,'전라북도 전주시 완산구 홍산로 245','270',35.8155389,127.1054791,'세인트포레산후조리원','063-236-1052','전북','전주시','310'),(446,'전라북도 정읍시 상동중앙로 55-1','160',35.56179221,126.8684743,'서울산후조리원','063-532-9600','전북','정읍시','160'),(447,'전라북도 정읍시 중앙로 20','70',35.57399061,126.8448738,'현대산후조리원','063-532-5300','전북','정읍시',''),(448,'전라남도 목포시 백년대로418 (옥암동)','199',34.80880888,126.4321389,'미즈아이 산후조리원','061-260-8888','전남','목포시',''),(449,'전라남도 목포시 백년대로335 (상동)','190',34.80598974,126.4235408,'한사랑 산후조리원','061-284-8855','전남','목포시',''),(450,'전라남도 여수시 대치3길 26','180',34.74585392,127.69928,'문화병원산후조리원','061-650-5000','전남','여수시',''),(451,'전라남도 여수시 신월로 114','190',34.74795849,127.6804205,'예울병원산후조리원','061-655-2323','전남','여수시','270'),(452,'전라남도 순천시 장선배기 1길 8','180',34.95340192,127.5226963,'현대여성아동병원 산후조리원','061-729-8351','전남','순천시',''),(453,'전라남도 순천시 조례1길 10-26','90',34.96001752,127.5222395,'미즈여성아동병원 산후조리원','061-720-8300','전남','순천시','180'),(454,'전라남도 광양시 중마 142(중동)','168',35.03678992,127.6632085,'미래여성산후조리원','061-791-7094','전남','광양시','175'),(455,'전라남도 강진군 강진읍 탐진로 5','154',34.63749931,126.7581408,'전남공공 산후조리원 2호점','061-430-1010','전남','강진군','154'),(456,'전라남도 해남군 해남읍 해남로 45','154',34.57212664,126.6132298,'전남공공산후조리원 1호점','061-530-8650','전남','해남군',''),(457,'전라남도 영광군 영광읍 와룡로 3','210',35.2845509,126.4989876,'영광 산후조리원','061-350-8830','전남','영광군','252'),(458,'전라남도 완도군 완도읍 청해진동로 63','154',34.31648771,126.7354344,'전남공공산후조리원 3호점','061-555-3030','전남','완도군',''),(459,'경상북도 경산시 경안로 217','190',35.82674889,128.7362821,'마미안여성병원 산후조리원','053-813-1100','경북','경산시',''),(460,'경상북도 경주시원화로 315,5층(성동동)','190',35.8488793,129.2168498,'맘존산후조리원','054-749-7878','경북','경주시','220'),(461,'경상북도 경주시원화로 393','150',35.85575379,129.2186965,'신라산후조리원','054-744-9393','경북','경주시','168'),(462,'경상북도 경북 구미시 야은로 297(도량동)','140',36.13919188,128.3156922,'아이모메디산후조리원','054-450-2770','경북','구미시','160'),(463,'경상북도 구미시 신시로 74(형곡동)','190',36.11441982,128.339647,'해피맘산후조리원','054-458-0119','경북','구미시','203'),(464,'경상북도 구미시 삼일로 16(진평동)','180',36.10645524,128.4179219,'에바마레산후조리원','054-475-4500','경북','구미시','200'),(465,'경상북도 구미시 인동36길 10(진평동)','200',36.0938485,128.4322047,'디아망산후조리원','054-716-1001','경북','구미시','220'),(466,'경상북도 구미시 송원서로 94(원평동)','200',36.12564851,128.34462,'새봄산후조리원','054-457-6100','경북','구미시',''),(467,'경상북도 구미시 산호대로 24길 9-45(옥계동)','210',36.13625909,128.4167449,'그린나래산후조리원','054-476-8008','경북','구미시','220'),(468,'경상북도 구미시 송원서로 6길 19-19','230',36.12488385,128.3459953,'퀸스베이비산후조리원','054-443-5755','경북','구미시','260'),(469,'경상북도 안동시 서동문로 99(금곡동)','156',36.56746519,128.7226698,'안동성소병원산후조리원','054-840-8430','경북','안동시',''),(470,'경상북도 포항시 북구 우창동로 22번길 7','240',36.05434683,129.3619771,'여성아이병원 산후조리원','054-255-5000','경북','포항시(북구)','230'),(471,'경상북도 포항시 북구 법원로 98번길 12','230',36.08342331,129.3864946,'포항엘리시아 산후조리원','054-248-0110','경북','포항시(북구)','260'),(472,'경상남도 거제시  거제중앙로 1925(고현동)','247',34.88980909,128.6221045,'엘르메디산후조리원','055-638-0037','경남','거제시','260'),(473,'경상남도 거제시 거제중앙로 1729(상동동)','247',34.87400845,128.6317778,'미즈맘산후조리원','055-688-9125','경남','거제시','260'),(474,'경상남도 김해시 내외중앙로 91','195',35.23818179,128.8670143,'우리산후조리원','055-321-0114','경남','김해시','220'),(475,'경상남도 김해시 계동로 203 오즈빌딩','210',35.19025378,128.8003832,'오즈산후조리원','055-311-0202','경남','김해시','240'),(476,'경상남도 김해시 번화1로 80번길 5 메카빌딩','230',35.19471418,128.8000135,'더원산후조리원','055-3232-7012','경남','김해시','250'),(477,'경상남도 김해시 경원로 55번길 12 진주빌딩','240',35.23823142,128.8666113,'맘스드림산후조리원','055-331-1800','경남','김해시','320'),(478,'경상남도 양산시 양산역6길 9 (중부동)','160',35.337553,129.0270661,'미즈모아산후조리원','055-365-0202','경남','양산시','200'),(479,'경상남도 양산시 물금읍 야리로 127','180',35.31135455,129.0096057,'에델산후조리원','055-912-0700','경남','양산시','240'),(480,'경상남도 양산시 물금읍 증산역로 136','210',35.3100497,129.0047076,'연세사랑산후조리원','055-366-5159','경남','양산시','280'),(481,'경상남도 진주시 진양호로317(신안동)','190',35.18150722,128.0660586,'참조은산후조리원','055-742-8822','경남','진주시','250'),(482,'경상남도 진주시 진양호로 255','184',35.17676476,128.0625649,'보람산후조리원','055-747-3585','경남','진주시','200'),(483,'경상남도 진주시 진주대로 957','190',35.18524165,128.0873194,'미래여성산후조리원','055-760-8070','경남','진주시','200'),(484,'경상남도 창원시 성산구 가양로 124번길 7','140',35.20859341,128.7071949,'선린산후조리원','055-286-6650','경남','창원시',''),(485,'경상남도 창원시 의창구 창원대로 397번길 34','220',35.23696415,128.6436703,'엔젤한방산후조리원','055-276-6556','경남','창원시','260'),(486,'경상남도 창원시 성산구 대암로 145번길 11-27','240',35.21432878,128.7101556,'한마음산후조리원','055-283-3055','경남','창원시',''),(487,'경상남도 창원시 성산구 마디미서로 56','180',35.22063024,128.6806983,'모란산후조리원','055-282-1600','경남','창원시','190'),(488,'경상남도 창원시 성산구 상남로 73','260',35.22083335,128.679527,'마미캠프산후조리원','055-286-3576','경남','창원시','340'),(489,'경상남도 창원시 의창구 원이대로 285번길 6','170',35.24264557,128.6517648,'미즈맘산후조리원','055-277-2255','경남','창원시',''),(490,'경상남도 창원시 의창구 원이대로 53','140',35.25767783,128.6343922,'미래산후조리원','055-276-9242','경남','창원시',''),(491,'경상남도 창원시 성산구 중앙대로 100번길 9','280',35.22324934,128.6804945,'리베라산후조리원','055-262-9922','경남','창원시','378'),(492,'경상남도 창원시 마산합포구 3.15대로 32(월남동 4가 4-1)','60',35.13912945,128.4683911,'미래산부인과산후조리원','055-221-3777','경남','창원시',''),(493,'경상남도 창원시 마산회원구 3.15대로 727 (합성1동 101-68)','225',35.22703167,128.544006,'엠앤비산후조리원','055-221-3520','경남','창원시','245'),(494,'경상남도 창원시 마산합포구 불종거리 19 (동성동 248-1)','55',35.58787202,129.0840399,'참여성병원산후조리원','055-249-0593','경남','창원시','65'),(495,'경상남도 창원시 마산회원구 3.15대로 491-2 (회원1동62-66)','59',35.22703167,128.544006,'중앙자모산후조리원','055-248-3333','경남','창원시','79'),(496,'경상남도 창원시 진해구 진해대로 958','160',35.14421856,128.7068979,'예인산후조리원','055-541-3575','경남','창원시','180'),(497,'경상남도 창원시 진해구 진해대로 776번길 27','200',35.15613602,128.6984021,'온산후조리원','055-545-7803','경남','창원시',''),(498,'경상남도 통영시 무전대로 4, 301','200',34.86021419,128.4211276,'통영자모산후조리원','055-646-3537','경남','통영시','220'),(499,'제주특별자치도 제주시 서광로 220. 4층 서광빌딩(삼도1동)','200',33.49956406,126.52008,'프린세스산후조리원','064-722-2277','제주','제주시','210'),(500,'제주특별자치도 제주시 남광로 83 (용담2동)','200',33.4964219,126.5435823,'예나산후조리원','064-748-0088','제주','제주시','210'),(501,'제주특별자치도 제주시 도령로 11(노형동)','180',33.48706578,126.4805364,'에덴산후조리원','064-748-1828','제주','제주시','190'),(502,'제주특별자치도 제주시 오남로82 (오라2동)','230',33.48837849,126.5177068,'프라임산후조리원','064-702-1155','제주','제주시','260'),(503,'제주특별자치도 제주시과원로70 ','250',33.47579617,126.491245,'엔젤산후조리원','064-741-5335','제주','제주시','250'),(504,'제주특별자치도 제주시1100로3283영화빌딩2층(노형)','180',33.47940204,126.4817966,'맘편한산후조리원','064-711-3080','제주','제주시',''),(505,'제주특별자치도 제주시 서사로 136, 2층','260',33.50031563,126.5196026,'드림포레산후조리원','064-759-7838','제주','제주시',''),(506,'제주특별자치도 서귀포시 중앙로 125','154',33.25603021,126.5599205,'서귀포공공산후조리원','064-762-3005','제주','서귀포시',''),(507,'제주특별자치도 서귀포시 장수로 47','190',33.25606919,126.5638921,'제주서귀포의료원 부설 산후조리원','064-730-3654','제주','서귀포시','');
/*!40000 ALTER TABLE `carecenter` ENABLE KEYS */;
UNLOCK TABLES;

--
-- Table structure for table `comment`
--

DROP TABLE IF EXISTS `comment`;
/*!40101 SET @saved_cs_client     = @@character_set_client */;
/*!50503 SET character_set_client = utf8mb4 */;
CREATE TABLE `comment` (
  `id` bigint NOT NULL AUTO_INCREMENT,
  `content` varchar(255) NOT NULL,
  `created_at` datetime DEFAULT NULL,
  `quiz_id` bigint DEFAULT NULL,
  `user_id` bigint DEFAULT NULL,
  `calculate_time` varchar(255) DEFAULT NULL,
  PRIMARY KEY (`id`),
  KEY `FKde1ek5t1lq3k1un12f237iwl` (`quiz_id`),
  KEY `FK8kcum44fvpupyw6f5baccx25c` (`user_id`),
  CONSTRAINT `FK8kcum44fvpupyw6f5baccx25c` FOREIGN KEY (`user_id`) REFERENCES `user` (`id`),
  CONSTRAINT `FKde1ek5t1lq3k1un12f237iwl` FOREIGN KEY (`quiz_id`) REFERENCES `quiz` (`id`)
) ENGINE=InnoDB AUTO_INCREMENT=93 DEFAULT CHARSET=utf8mb4 COLLATE=utf8mb4_0900_ai_ci;
/*!40101 SET character_set_client = @saved_cs_client */;

--
-- Dumping data for table `comment`
--

LOCK TABLES `comment` WRITE;
/*!40000 ALTER TABLE `comment` DISABLE KEYS */;
INSERT INTO `comment` VALUES (71,'d','2021-11-15 14:31:18',1,24,NULL),(72,'dd','2021-11-15 14:31:28',1,24,NULL),(73,'안녕 테스트!!!','2021-11-16 16:12:47',1,24,NULL),(74,'.','2021-11-16 22:09:22',1,29,NULL),(75,'와..몰랐는데 감사합니다','2021-11-17 11:28:40',2,26,NULL),(76,'헉;; 어제 첫째 딸 먹였는데.. 다음부터 조심해야겠네요','2021-11-17 11:37:40',17,26,NULL),(77,'조심해야겠네요!!','2021-11-17 11:38:37',20,26,NULL),(78,'오!! 어제 바나나사갔는데!!','2021-11-17 11:38:52',21,26,NULL),(79,'마사지 열심히 해줘야겠어요!!','2021-11-17 11:39:14',22,26,NULL),(80,'아니..한그릇은 먹어야되는거아닌가요??','2021-11-17 11:40:24',16,25,NULL),(81,'저도 감 좋아하는데 주의해야겠네요','2021-11-17 11:40:34',17,24,NULL),(82,'감 따러 가야겠네요','2021-11-17 11:40:45',17,25,NULL),(83,'선식을 종종 먹이시는 어른들이 계시더라구요;;','2021-11-17 11:40:53',18,24,NULL),(84,'와 딸기인줄 알았어요 맨날 딸기만 먹고싶어하길래 ㅎㅎ','2021-11-17 11:41:26',21,24,NULL),(85,'오오 조심해야겠네요','2021-11-17 11:41:28',19,25,NULL),(86,'파스대신 마사지를 열심히 해줘야겠네요','2021-11-17 11:42:30',22,24,NULL),(87,'한그릇도 안된다니ㅜㅜ 첫문제부터 너무 어렵','2021-11-17 11:46:28',16,26,NULL),(88,'영양소 중요!!!','2021-11-17 11:46:53',18,26,NULL),(89,'저는 따로 준비하는줄 알았어요','2021-11-17 11:47:07',19,26,NULL),(90,'호박이 붓기빼는데는 직빵이라던데','2021-11-17 11:47:30',20,26,NULL),(91,'꼭 다 익혀서 먹는거 중요하죠!','2021-11-17 13:11:55',24,25,NULL);
/*!40000 ALTER TABLE `comment` ENABLE KEYS */;
UNLOCK TABLES;

--
-- Table structure for table `hashtag`
--

DROP TABLE IF EXISTS `hashtag`;
/*!40101 SET @saved_cs_client     = @@character_set_client */;
/*!50503 SET character_set_client = utf8mb4 */;
CREATE TABLE `hashtag` (
  `id` bigint NOT NULL AUTO_INCREMENT,
  `name` varchar(255) NOT NULL,
  PRIMARY KEY (`id`)
) ENGINE=InnoDB AUTO_INCREMENT=86 DEFAULT CHARSET=utf8mb4 COLLATE=utf8mb4_0900_ai_ci;
/*!40101 SET character_set_client = @saved_cs_client */;

--
-- Dumping data for table `hashtag`
--

LOCK TABLES `hashtag` WRITE;
/*!40000 ALTER TABLE `hashtag` DISABLE KEYS */;
INSERT INTO `hashtag` VALUES (32,'미역국'),(33,'튼튼이'),(34,'건강하게'),(35,'잘'),(36,'자라다오'),(37,'할아버지'),(38,'아버지'),(39,'아들'),(40,'붕어빵'),(41,'미래아기'),(42,'얼굴예측'),(43,'귀요미'),(44,'두근두근'),(45,'찰떡이'),(46,'초음파'),(47,'사진'),(48,'첫인사'),(49,'안녕'),(50,'드디어'),(51,'예비아빠'),(52,'아들딸'),(53,'제주도'),(54,'임신'),(55,'6개월'),(56,'출산준비'),(57,'예비파파'),(58,'어렵다'),(59,'어려워'),(60,'빼빼로데이'),(61,'1111'),(62,'애착인형'),(63,'다들'),(64,'해봐요'),(65,'소고기'),(66,'와인먹고싶어하는'),(67,'아내'),(68,'만삭사진'),(69,'내와이프'),(70,'행복하자'),(71,'임산부'),(72,'전용샴푸'),(73,'임신부작용'),(74,'탈모ㅜㅜ'),(75,'아가방'),(76,'인테리어'),(77,'빨리만나자'),(78,'남편'),(79,'임신팁'),(80,'스와들업'),(81,'초보아빠'),(82,'대담이'),(83,'옷'),(84,'미리'),(85,'준비');
/*!40000 ALTER TABLE `hashtag` ENABLE KEYS */;
UNLOCK TABLES;

--
-- Table structure for table `info`
--

DROP TABLE IF EXISTS `info`;
/*!40101 SET @saved_cs_client     = @@character_set_client */;
/*!50503 SET character_set_client = utf8mb4 */;
CREATE TABLE `info` (
  `id` bigint NOT NULL AUTO_INCREMENT,
  `baby` longtext,
  `mom` longtext,
  `month` varchar(255) NOT NULL,
  PRIMARY KEY (`id`)
) ENGINE=InnoDB AUTO_INCREMENT=11 DEFAULT CHARSET=utf8mb4 COLLATE=utf8mb4_0900_ai_ci;
/*!40101 SET character_set_client = @saved_cs_client */;

--
-- Dumping data for table `info`
--

LOCK TABLES `info` WRITE;
/*!40000 ALTER TABLE `info` DISABLE KEYS */;
INSERT INTO `info` VALUES (1,'난자와 정자가 나팔관 내에서 만나 수정을 하면서 생명이 시작됩니다. 수정 후 12~15시간이 지나면 세포분열이 시작되고 이 시기는 태아가 아닌 배아라고 부르는 시기입니다. 임신 2주 경에는 수정란이 세포분열을 반복하여 나팔관을 따라 자궁으로 이동하고 수정 후 7~10일이 지나면 수정란은 자궁내막에 착상을 하게 됩니다. 이후 수정란 2개 중 1개는 태아로 성장하고 1개는 태아에게 영양을 공급하는 태반으로 성장을 합니다.','임신은 했으나 뚜렷한 신체적 변화는 없습니다. 임신 4주경이 되면 아기집의 위치, 산모의 자궁 및 건강 상태를 확인할 수 있습니다. 산모에게 맞는 산부인과를 정하고 약을 먹을 때는 반드시 의사와 상의합니다. 또한, 임신과 출산에 관한 상식을 알아 두고 다양한 임산부 친구들을 만들어 봅니다.','1'),(2,'초음파로 태아를 싸고 있는 태낭을 확인할 수 있습니다. 몸의 주요 기관이 자라면서 사람의 형태를 갖추게 됩니다. 또한 아주 조금씩 태아가 움직이며 신경 세포가 더욱 발달하여 눈과 귀의 시신경, 청각신경이 발달하게 됩니다. 뼈의 중심과 근육이 발달하고, 얼굴의 경우 눈꺼풀이 만들어지고 코가 오뚝해지기 시작합니다.','입덧, 구토, 가슴앓이 등의 증세가 나타납니다. 우울하거나 짜증이 나는 등 전체적인 컨디션이 나빠집니다. 이때에는 함부로 약을 복용하는 것은 위험하므로 반드시 의사의 지도에 따라야합니다. 과로, 운동, 여행 등을 피하고 출혈이나 하복부 통증이 있으면 즉시 병원에 가야합니다. 임신 중 받아야 할 검사를 체크해보고 입덧이 심할 때는 우유, 주스, 사과, 감귤, 곶감, 당근을 먹어봅니다.','2'),(3,'내장 기관이 활동하기 시작하며 초음파 검사를 통해 태아 심장 박동 소리를 들을 수 있는 시기입니다. 팔다리 부분이 확실히 구별되며 다리와 허벅지 종아리, 발이 구분되어 보입니다. 태아의 대뇌가 발달하여 기억력이 생기기 시작합니다. 또한 귀가 만들어지면서 소리를 알아듣습니다. 뇌가 급속도로 발달하여 머리 부분이 몸 전체의 1/3정도를 차지합니다. 성기가 발달하여 외관상 남녀 구별이 가능합니다. 음악 태교를 시작하는 것이 좋습니다.','임신의 자각증세가 나타나며, 자궁의 모양이 주먹 크기정보로 커집니다. 질 분비물이 늘어나고 빈뇨 증세가 생길 수 있습니다. 입덧이 가장 심하나 11주부터는 서서히 사라집니다. 이 시기는 태아가 가장 약한 시기이므로 무리하지 않도록 합니다. 또한, 심하던 입덧이 갑자기 사라지거나 질 출혈, 복부 통증이 동반되면 즉시 병원에 갑니다. 태담이나 태교를 시작하며 태아의 두뇌를 개발시키는 태교음식을 먹고, 카페인에 대한 경계심을 늦추지 않도록 주의합니다.','3'),(4,'태아는 3시간에 1번 오줌을 누고, 태아 몸 밖으로 나온 오줌은 양수와 섞이게 됩니다. 양수는 계속 새롭게 분비되어 태반이 거의 완성되고, 관절이 생깁니다. 성기가 발달하여 초음파로 남아인지 여아인지 구별이 가능합니다. 태아의 머리카락, 눈썹, 솜털 등 몸의 털이 자라기 시작합니다. 어른 손바닥 정도의 크기로 성장하며 태아가 활발하게 움직이는 시기로 머리를 흔들거나 손발을 움직입니다. 그러면서 아기는 빛에 대한 민감성 때문에 숨쉬기의 전 단계인 딸꾹질을 합니다. ','입덧이 가라앉으며 빈뇨 증상이 감소합니다. 피로감을 자주 느끼며, 자궁의 크기가 아기 머리만 해짐으로 아랫배가 불룩해지고 허리와 등에 통증이 생깁니다. 이 시기에는 심한 운동이나 여행은 삼가해야합니다. 단백질, 무기질, 비타민을 충분히 섭취하고, 간단한 스트레칭 등을 통해 바른 자세를 취하도록 합니다. 본격적으로 음악태교를 시작하며 영양관리와 몸의 변화에 맞는 속옷을 준비합니다.','4'),(5,'단맛과 쓴맛을 구분할 수 있으며, 양수를 마셨다 뱉었다 하면서 호흡이 가능하도록 폐 훈련을 합니다. 뇌가 발달하여 엄마와 아빠 목소리를 기억할 수 있으며 특히 간뇌가 발달해 엄마의 감정 변화에 따라 반응할 수 있습니다. 뇌기능이 눈부시게 성장하므로 본격적인 태교에 들어가야합니다. 심장박동이 강해져 청진기로도 태아의 심장 소리를 들을 수 있습니다. 얼굴에 표정이 보이기 시작합니다. 모든 감각기관이 활발하게 발달합니다. 그래서 엄마의 배 위로 차가운 것이 닿으면 싫은 반응을 나타내기도 합니다.','힘찬 태동을 느끼며, 체중이 증가하고 유선도 발달합니다. 피부 색소 침착이 증가하며 혈액 순환 장애가 생길 수 있습니다. 빈뇨와 변비가 줄어들며 아랫배가 눈에 띄게 커지는 시기입니다. 임신 중의 옷은 몸에 압박을 가하지 않는 것이 좋습니다. 이 시기에는 치과 치료를 받고, 의사와 상담하며 철분체를 복용합니다. 체중변화를 체크해보고 전자파를 조심하도록 합니다.','5'),(6,'태아는 계속해서 몸무게가 늘어나고, 하얗고 미끈거리는 태지에 싸여 있습니다. 아기는 오랫동안 양수 속에 있어야 하는데 태지는 이러한 아기의 피부를 보호합니다. 손발을 자유롭게 움직일 수 있고 몸의 방향도 바꿀 수 있어 거꾸로 있는 경우가 많습니다. 청력이 발달하여 자궁 밖에서 나는 모든 소리를 듣는 것이 가능합니다.  태아의 뇌에 주름이 잡히면서 뇌가 활동을 시작합니다. 적극적인 태담으로 아이를 자극하면 좋습니다.','가장 안정되는 시기로 체중 증가가 큰 시기입니다. 소화불량 증세를 보일 수 있으며 신진대사의 변화로 땀을 많이 흘릴 수 있습니다. 허리 결림과 요통을 느낄 수도 있습니다. 이 시기에는 염분 제한과 식이 조절로 임신중독증에 신경을 씁니다. 다리 부종 관리를 위해 오래 서 있거나 같은 자세로 오래 앉아있지 않으며, 발이 편안한 신발을 신도록 합니다.','6'),(7,'살이 붙기 시작하면서 아기의 모습을 갖추게 됩니다. 손갈락을 빨기도 하고 위아래가 붙어있던 눈꺼풀이 위아래로 갈라지면서 아기가 눈을 뜨기 시작합니다. 엄마의 자궁을 꽉 채우며 성장하고 있고 시각과 청각이 거의 완성되며 일정한 간격을 두고 잠이 들었다가 깨어나기도 합니다. 폐는 아직 완전하지는 않지만, 조산할 경우 외부의 도움을 얻어 살아갈 수 있을 만큼 커졌습니다. ','배, 유방, 유두 등에 임신선이 생기며 때때로 배가 당깁니다. 정맥류, 손발 저림, 부종 증세가 증가하며 소화불량, 변비 증세가 증가합니다. 또한, 현기증을 느낄 수도 있습니다. 피로를 느끼지 않는 범위 내의 일상 활동은 적당한 운동이 되어 혈액순환과 식욕촉진에 도움이 됩니다. 배가 당기면 편한 자세를 취해 휴식을 취합니다. 임신성 당뇨 검사를 하고, 예비 아빠와 임신의 느낌을 공유해봅니다.','7'),(8,'임부복이 들썩거릴 정도로 태동이 크게 느껴지는 시기입니다. 태아의 폐와 소화기간이 거의 발달해 있고 몸무게가 급속도로 늘어납니다. 눈꺼풀과 눈동자가 완성되어 초점 맞추는 연습을 시작합니다. 또한 엄마의 감정 변화도 알아차릴 수 있습니다.','분비물이 증가하며 유방의 색소 침착이 심해집니다. 초유가 만들어지기 시작하며 움직임이 매우 둔해집니다. 요통, 정맥류, 치질 증세가 보이며 부종 증세가 매우 증가할 수 있습니다. 커진 자궁으로 인해 위를 압박해서 체한 느낌이 들 수 있으므로 여러 번 자주 나눠 먹는 것이 좋습니다. 자궁이 자주 뭉치면 혹시 조기 진통이 오는 조짐은 아닌지 신경을 쓰고 주의를 해야합니다. 혈액 순환을 원활하게 하는 체조는 부종 등도 감소시켜주고 신체의 긴장 및 피로를 풀어 기분 전환에도 도움이 됩니다. 우유나 유제품, 야채나 과일같은 자연식품을 많이 섭취하고 엄마아빠가 함께 육아 교실에 방문해봅니다.','8'),(9,'머리의 방향도 서서히 자궁 아래 쪽을 향하게 됩니다. 감각기관이 발달하여 가끔 아기가 웃거나 화내는 듯한 표정의 변화가 느껴질 수 있습니다. 또한 태반을 통해 모체로부터 질병에 대한 면역력이 전달되는 시기입니다. 아기는 편안하게 잘 자라고 있지만 자꾸 커지는 몸 때문에 자궁 속에서 마음대로 움직일 수는 없습니다. 태아가 너무 움직이지 않은 것 같아 불안하다면 의사 선생님과 상의하여 태아건강을 확인할 수 있도록 합니다.','불규칙한 자궁수축이 생기며, 배뇨 횟수가 늘어나고 질 분비물이 증가합니다. 요통이 심해지고 숨이 찰 수 있습니다. 배가 점차 단단해지며 소변 횟수가 늘어납니다. 이 시기에는 무거운 물건을 들어올리거나 힘든 일 등은 특히 조심해야 합니다. 소화가 잘 되도록 식사한 후 2시간 이내에는 눕지 않도록 주의하며, 의사의 처방 없이 제산제를 복용하지 않도록 합니다. 출산 시 호흡법을 연습하며 출산장소와 가까운 병원을 미리 찾아 정보를 얻어 혹시 모를 상황에 대비합니다.','9'),(10,'아기는 태어나는 즉시 폐로 호흡하고, 본능적으로 엄마 젖을 빨며 울음소리로 자신의 의사를 전달합니다. 태변은 분만할 쌔 보다 태아도 있으며 출생해서 24시간 이내에 배설되게 됩니다. 약 5%정도의 아기만이 출산예정일을 지킨다고 하니, 예정일 지났다고 하더라고 걱정보다 넉넉한 마음으로 아기를 맞을 준비를 하도록 합니다.','배가 당기는 증상이 빈번해지며 태아의 심장박동이 들립니다. 위가 편해지고 식욕이 증가되며 호흡과 소화 기능이 편해집니다. 방광이 압박되어 항상 소변이 마려운 느낌이 나기도 합니다. 자궁구, 질이 부드러워지고 분비물이 늘어나며 출산이 임박해짐을 알 수 있습니다. 스트레스는 태아에게 해로우므로 편안하고 명랑한 생활이 유지되도록 노력합니다. 몸의 변화가 급격하게 이루어지는 시기로 저항력이 떨어져 감기 등에 걸리기 쉽습니다. 단백질이 풍부한 고기 및 우유, 달걀 등을 잘 섭취해서 체력이 떨어지지 않도록 관리합니다. 순산을 위한 체조를 하고, 병원에 가야 할 시점을 점검합니다. ','10');
/*!40000 ALTER TABLE `info` ENABLE KEYS */;
UNLOCK TABLES;

--
-- Table structure for table `my_quiz`
--

DROP TABLE IF EXISTS `my_quiz`;
/*!40101 SET @saved_cs_client     = @@character_set_client */;
/*!50503 SET character_set_client = utf8mb4 */;
CREATE TABLE `my_quiz` (
  `id` bigint NOT NULL AUTO_INCREMENT,
  `quiz_id` bigint DEFAULT NULL,
  `user_id` bigint DEFAULT NULL,
  PRIMARY KEY (`id`),
  KEY `FKq87oi0rtxujl89pyfj161p3cu` (`quiz_id`),
  KEY `FK2jtkahdvd54kf9c763b0oo2dn` (`user_id`),
  CONSTRAINT `FK2jtkahdvd54kf9c763b0oo2dn` FOREIGN KEY (`user_id`) REFERENCES `user` (`id`),
  CONSTRAINT `FKq87oi0rtxujl89pyfj161p3cu` FOREIGN KEY (`quiz_id`) REFERENCES `quiz` (`id`)
) ENGINE=InnoDB AUTO_INCREMENT=47 DEFAULT CHARSET=utf8mb4 COLLATE=utf8mb4_0900_ai_ci;
/*!40101 SET character_set_client = @saved_cs_client */;

--
-- Dumping data for table `my_quiz`
--

LOCK TABLES `my_quiz` WRITE;
/*!40000 ALTER TABLE `my_quiz` DISABLE KEYS */;
INSERT INTO `my_quiz` VALUES (31,1,24),(32,1,24),(33,1,24),(34,1,24),(35,2,24),(36,2,24),(37,3,24),(39,1,27),(41,46,27),(42,47,27),(43,17,26),(44,19,26),(46,17,31);
/*!40000 ALTER TABLE `my_quiz` ENABLE KEYS */;
UNLOCK TABLES;

--
-- Table structure for table `quiz`
--

DROP TABLE IF EXISTS `quiz`;
/*!40101 SET @saved_cs_client     = @@character_set_client */;
/*!50503 SET character_set_client = utf8mb4 */;
CREATE TABLE `quiz` (
  `id` bigint NOT NULL AUTO_INCREMENT,
  `answer` int NOT NULL,
  `candidate` varchar(255) NOT NULL,
  `description` longtext,
  `question` varchar(255) NOT NULL,
  `type` varchar(255) NOT NULL,
  `img` text,
  `answer2` varchar(255) NOT NULL,
  PRIMARY KEY (`id`)
) ENGINE=InnoDB AUTO_INCREMENT=61 DEFAULT CHARSET=utf8mb4 COLLATE=utf8mb4_0900_ai_ci;
/*!40101 SET character_set_client = @saved_cs_client */;

--
-- Dumping data for table `quiz`
--

LOCK TABLES `quiz` WRITE;
/*!40000 ALTER TABLE `quiz` DISABLE KEYS */;
INSERT INTO `quiz` VALUES (1,3,'만 4세#만 5세#만 6세#만 7세`','영유아건강검진은 생후 4개월부터 71개월(만6세)까지의 영유아를 대상 개인 비용 부담 없이 받을 수 있다.','영유아의 경우 몇 살까지 건강검진이 무료일까?','아기',NULL,'만 6세'),(2,3,'추워서#소화불량#배고파서#배불러서','신생아들은 춥거나 신경과 근육의 발달이 미숙해 젖을 먹고 난 후 위가 갑자기 팽창하면서 횡격막을 자극하기 때문에 딸꾹질을 하게 된다.','신생아가 딸꾹질 하는 이유가 아닌 것은?','아기',NULL,'배고파서'),(3,2,'한 달 후#4개월~6개월#6개월~첫 돌#첫돌 이후','4개월에서 6개월 사이, 1~2개월에 고형식을 먹일 경우 음식을 삼키는데 관여하는 근육이나 기관이 미성숙하기 때문에 기관지로 음식물이 넘어갈 수 있어 위험하다. 너무 늦게 시작할 경우에도 영양 및 성장장애가 올 수 있으므로 통상적으로 4~6개월에 이유식을 시작하는 것이 좋다.','이유식은 언제 시작하는게 좋을까?','아기',NULL,'4개월~6개월'),(4,1,'O#X','모유를 먹는 아기, 분유를 먹는 아기를 구분하지 않고아기가 아직 어리다면 가급적 트림을 시켜야 한다.','신생아의 수유가 끝나면 반드시 트름을 시켜주는 것이 좋다.','아기',NULL,'O'),(5,1,'O#X','염증과 감염예방을 막기위해 소독하고 잘 말려줘야 합니다.','신생아 배꼽은 탯줄 꼬투리가 떨어진 뒤에도 수일간 잘 소독하고 말려주어야 한다.','아기',NULL,'O'),(6,2,'O#X','일반적으로 아이들은 생후 2~4개월 사이에 침을 가장 많이 흘린다. 침이 많이 만들어지지만 아직 삼키는 능력은 발달하지 않아 침을 흘리게 되는 것이므로 자연스러운 현상이다.','생후 2~6개월 침을 흘리는 아이는 질병을 의심해봐야한다.','아기',NULL,'X'),(7,1,'오메가3#밀크시슬#비타민#유산균','오메가 3는 다중불포화지방산을 총칭하는 말로리놀렌산, DHA, EPA 3가지로 구성된다.이 중 DHA는 신경전달 역할을 하는 뇌 세포막의 중요한 구성 성분이다.','태아 뇌 발달에 좋으며 임신중독증, 조산 예방에도 효과적인 약은?','아기',NULL,'오메가3'),(8,2,'12~18개월#18~24개월#24~30개월#30~36개월','배변 의사를 느낄 수 있을 정도로 생리적 민감성이 이루어져야 하고 배변 의사를 표현할 수 있을 정도의 언어 능력도 발달해야 하며, 스스로 변기에 앉을 정도의 운동 능력이 있어야 하기 때문이다.','아이의 배변 훈련 시작 시기는?','아기',NULL,'18~24개월'),(9,2,'O#X','피부가 얇은 아기는 햇빛에도 피부가 손상될 수 있다.가능하면 햇빛이 강하지 않은 오전 시간대에 외출하고 모자를 씌우거나 가리개를 이용해 직사광선에 직접 노출되지 않도록 한다.','영유아는 비타민D 합성을 위해 햇볕을 쬐는 것이 좋다','아기',NULL,'X'),(10,1,'O#X','출생시 결핵과 B형간염주사를 맞아야 하며, B형간염의 경우 생후 6개월까지 3차접종을 마쳐야 한다.','출생시 맞아야하는 예방접종은 결핵과 B형간염이다','아기',NULL,'O'),(11,1,'O#X','신생아 시기의 아기는 모유나 분유를 통해 수분을 충분히 섭취하기 때문에물을 따로 먹이지 않아도 된다. 하지만 생후 1개월 이후부터는 아기가 땀을 많이 흘릴 때, 설사로 탈수증상을 보일 때 등 수분 섭취가 필요한 상황에서는 물을 먹인다.','신생아기에 물을 따로 먹이지 않아도 된다.','아기',NULL,'O'),(12,2,'O#X','귀지를 파주다가 아기가 갑자기 움찔 움직이면 귓속을 찔러 상처 나는 경우가 있기 때문에 면봉을 살짝만 넣어 물기를 제거한다.','아기의 귀지는 되도록 제거하는 것이 좋다.','아기',NULL,'X'),(13,3,'4회#6회#8회#10회','신생아는 적어도 하루 8회 이상 젖을 물려야 한다. 모유량은 아기의 수유 자극에 따라 늘어나므로 배고파할 때마다 적극적으로 수유한다.만약 수유 중 아이가 잠들면 깨워서라도 끝까지 먹이는 것이 좋다.','신생아는 적어도 하루의 몇번 이상 젖을 물려야 할까?','아기',NULL,'8회'),(14,1,'O#X','24개월이더라도 젖꼭지를 물려야 잠이든다면 물려주는 편이 낫다.','14~16개월이 지나더라도 스트레스 상황에서 노리개 젖꼭지를 물리는게 안정이 된다면 물려주는 게 좋다','아기',NULL,'O'),(15,1,'O#X','매일아이닷컴에서는 아기똥 사진을 올리면 전문가들이 건강상태를 분석해준다.','아기 똥으로 아기의 건강 상태를 알 수 있다','아기',NULL,'O'),(16,1,'반그릇#한그릇#두그릇#세그릇','미역국을 너무 많이먹으면 요오드 과잉섭취로 갑상선 호르몬 생산량이 감소할 수 있다. 따라서 하루에 반 그릇 정도가 적당하다.','산모는 하루에 미역국을 몇 그릇 먹는 것이 좋을까?','음식',NULL,'반그릇'),(17,2,'귤#감#수박#참외','감은 디오스프린이라는 탄닌 성분이 있어 많이 먹으면 변비를 일으킬 수 있다. 변을 딱딱하게 만드는 음식은 아기의 변비가 해결될 때까지는 피하는 것이 좋다.','아이가 변비일 때 먹이면 좋지 않은 과일은?','음식',NULL,'감'),(18,2,'O#X','선식은 여러가지 곡류를 갈아서 만든 식품이므로 흡수할 수 있는 영양소의 종류가 적다.','분유대신 선식을 먹여도 된다','음식',NULL,'X'),(19,2,'O#X','분유는 아이에게 필요한 모든 영양소를 극소량까지 비율을 맞추고 있지만 4~6개월부터는 열량이나 단백질을 추가로 보충할 수 있다.','분유와 이유식은 기간을 따로 두어 먹여야 한다','음식',NULL,'X'),(20,2,'사과#호박#당근#굴','호박은 출산 후 몸이 부어있는 산모의 부종을 제거해주는 역할을 한다. 다만, 호박은 산후우울증이나 출산 직후, 체세포에 너무 많은 수분이 있을 때 먹으면 열이 올라 오로(분만 후 자궁에서 나오는 분비물) 배출을 방해할 수 있기 때문에 주의해야 한다.','산모의 부종을 제거하는데 좋지만 출산직후엔 삼가야하는 음식은?','음식',NULL,'호박'),(21,1,'바나나#사과#딸기#오렌지','바나나는 비타민 B6, 비타민 A, 베타카로틴 등이 풍부해 입덧이 심한 임신부의 구토를 억제해줄 수 있다.','입덧이 심한 산모에게 좋은 과일은?','음식',NULL,'바나나'),(22,4,'안약#감기약#변비약#관절파스','관절파스는 조기 분만을 일으킬 수 있다. 변비로 고생하는 임산부들이 많은데 변비약은 전신흡수가 적어 안전한 편이다.','조기분만의 위험이 있어 6개월 이상의 산모가 피해야 할 의약품은?','음식',NULL,'관절파스'),(23,1,'O#X','어중간하게 미지근한 상태의 음식은 오히려 입덧을 유발할 수 있다. 뜨거운 음식은 뜨겁게, 차가운 음식은 차갑게 먹되 입덧이 심하다면 냄새를 덜느끼게 하는 찬 음식이 낫다. 단, 찬 음식을 많이 먹으면 배탈이 날수 있으니 주의한다','입덧을 줄이는데는 음식은 차갑거나 뜨겁게 먹는 생활 습관이 좋다.','음식',NULL,'O'),(24,2,'O#X','태아에게 감염의 위험이 있으므로 완전히 익히지 않은 음식은 먹지 않는 것이 좋다.','태아의 성장을 위해 단백질을 많이 섭취해야 하므로 반쯤익힌 계란이나 스테이크는 섭취해도 좋다','음식',NULL,'X'),(25,1,'O#X','태아의 크기는 탯줄의 굵기에 따라 결정되므로 선천적이다. 다만 엄마 뱃 속에서 충분히 영양을 공급받은 아이와 아닌 아이는 나중에 커서의 건강까지도 차이가 나기 때문에 산모가 골고루 좋은 음식을 잘 섭취해야한다.','태아가 크고 작고는 탯줄의 굵기가 관련이 있다.','음식',NULL,'O'),(26,2,'O#X','식사량을 늘리는 것보다 유제품, 과일, 채소 등을 간식으로 섭취하는 것이 좋다.','임신중 필요한 열량을 채우기 위해서 식사량을 늘리는 것이 좋다','음식',NULL,'X'),(27,2,'O#X','임신 중 치과 치료는 어느 시기에서나안전하며, 치과 치료 시의 국소마취도 태아에게 지장을 주지 않는다. -식약청','임신 중 호르몬 변화로 잇몸질환이 늘어나지만 태아를 위해 치료를 미루는 것이 좋다','음식',NULL,'X'),(28,1,'O#X','날씨가 더울때, 몸이 무거운 임산부는 기력을 잃기 쉬우므로 입맛을 잃지 않도록 신경 써야한다.','여름에 입덧을 하는 임산부라면 입맛을 잃지 않기 위해 외식이나, 새로운 조리법을 시도하는 것이 좋다','음식',NULL,'O'),(29,4,'200#250#300#350','임신 후 아기를 위해 추가적으로 섭취해야 하는 칼로리는 약 350Kcal이다. 이것을 공깃밥으로 환산하면 약 1공기 반 정도 된다. 임신 후기 아기가 어느 정보 성장했을 때는 500Kcal까지 추가로 섭취해도 괜찮다.','임신 후 아기를 위해 추가적으로 섭취해야 하는 칼로리는 얼마일까?','음식',NULL,'350Kcal'),(30,3,'커피#홍차#보리차#녹차','임신 중기 이후에는 철분 보충제를 먹는 게 좋고, 커피, 홍차, 녹차 등 철분 흡수를 방해하는 식품은 가급적 피해야한다.','임산부는 철분 흡수를 방해하는 식품은 가급적 피해하 한다. 그 종류가 아닌 것은?','음식',NULL,'보리차'),(31,1,'O#X','만 84개월 미만의 아동을 대상으로 지원하며, 장애아동, 농어촌 거주 아동, 재외국민 아동(국내 30일 이상 거주목적 체류 등록시)은 모두 지원받을 수 있다.','보육료, 유아 학비등의 서비스 지원을 받지않고 가정에서 영유아를 돌본다면 소득 수준에 관계없이 `가정 양육수당`을 받을 수 있다.','사회',NULL,'O'),(32,1,'나눔과정#도움과정#누리과정#두리과정','누리과정은 맞춤형 보육 시행에 따라 종일반, 맞춤반 이용이 가능하며, 3년을 초과하지 않는 범위 내에서 무상보육을 받을 수 있다.','만 3~5세 유아에게 공통으로 제공하는 교육, 보육 과정의 이름은?','사회',NULL,'누리과정'),(33,2,'복지로(온라인 신청)#국민건강보험공단(온라인 신청)#산모 주소지 관할구 보건소(방문 신청)#서울시 임신출산정보센터(온라인 신청)','출산 예정일 40일 전부터 출산 후 30일 까지 국민건강보험공단을 제외한 나머지 세 곳에서 신정가능하며, 지원기간은 출산일로부터 60일 이내이며 태아 유형 및 소득 기준에 따라 5일 ~25일 까지 지원합니다. 서울시 임신출산정보센터뿐만 아니라 각 시청에서 해당 복지를 제공하고 있습니다.','출산 가정 산모.신생아 건강관리 서비스는 출산 후 산후조리도우미 건강관리사 파견을 희망하는 모든 출산 가정에 제공하고 있다. 이를 이용하기 위해 신청할 수 있는 곳이 아닌 것은?','사회',NULL,'국민건강보험공단(온라인 신청)'),(34,1,'O#X','출산 관련 서비스를 통합 처리하고 신청할 수 있는 서비스는 행복출산 서비스이다. 이 서비스는 출생신고와 함께 양육수당, 아동수당 등 각종 출산지원 서비스를 읍면동 또는 정부24에서 한 번에 통합신청하는 서비스이다. 본인 또는 대리인이 신청할 수 있는데, 본인은 인터넷 및 방문으로 신청할 수 있으며 대리인은 인터넷 신청은 불가능하다.','출생신고 및 국가 지원 수당을 신청할 수 있는 서비스는 정부 24 사이트내의 행복출산 원스톱서비스이다.','사회',NULL,'O'),(35,3,'28일#3개월#6개월#12개월','임산부는 임신 중이거나 분만 후 6개월 미만인 여성을 말한다.','모자보건법에서 정의하는 임산부는 분만 후 몇 일까지일까?','사회',NULL,'6개월'),(36,3,'3차#5차#7차#9차','1차는 생후 4~6개월, 2차는 생후 9~12개월, 3차는 생후 18~24개월, 4차는 생후 30~36개월, 5차는 생후 42~48개월, 6차는 생후 54~60개월, 7차는 생후 66~71개월에 진행된다.','정부가 무료로 지원하는 영유아 건강검진은 몇 차까지인가?','사회',NULL,'7차'),(37,2,'45일#90일#120일#150일','출산 전 후 휴가기간은 90일을 보장하고 출산 전 45일 이상 휴가를 사용하였을 경우에도 출산일 이후에 45일 이상을 보장해야 한다.','법에서 정한 출산 전후 휴가 기간은 얼마나 되는가?','사회',NULL,'90일'),(38,1,'O#X','소비자분쟁해결기준에 따르면 계약 해지일이 입소예정일 31일 이전 또는 계약 후 24시간이내에는 계약금을 전액 환불 받을 수 있다.','공정거래위원회 소비자분쟁해결기준에 따르면 산후조리원을 예약했지만 출산 2개월을 앞두고 다른 산후 조리원으로 옮기고 싶다면 위약금 없이 해지할 수 있다?','사회',NULL,'O'),(39,2,'홍역#B형간염#수두#A형간염','B형간염은 1개월때 예방 접종하며, 12개월때 예방 접종하는 접종의 종류는 홍역/유행성이하선염/풍진/수 /A형 간염 /일본뇌염/인플로엔자가 있다.','아기가 12개월에 예방 접종하는 접종의 종류가 아닌 것은?','사회',NULL,'B형 간염'),(40,1,'일본뇌염#파상품#디프테리아#b형 헤모필루스','2개월때 예방 접종하는 접종의 종류는 폐렴구균 /디프테리아/파상풍/백일해/폴리오/b형 헤모필루스 인플루엔자가 있다.','아기가 2개월에 예방 접종하는 접종의 종류가 아닌 것은?','사회',NULL,'일본뇌염'),(41,4,'아이행복포털#육아사랑포털#보건복지부#아이사랑포털','아이사랑포털에서는 임신에서 출산, 육아, 어린이집 및 소통 및 상담실까지 다양한 육아 관련 정보를 공유하고 있다. 이곳에서는 아기를 등록하고 어린이집 입소대기 신청을 대부분 진행하는데, 대기자가 많을 수 있어 시기가 결정되면 바로 신청을 권장한다.','아기를 등록하고 어린이집 입소대기 신청 등 다양한 육아 활동에 도움이 되는 임신 육아 종합 포털의 이름은 무엇인가?','사회',NULL,'아이사랑포털'),(42,2,'O#X','요양기관이 아닌 자택 등에서 출산한 자녀 또한 수에 상관없이 출산할 때마다 25만원의 출산비가 지급된다.','병원이 아닌 집에서 출산하면 우리나라의 육아 복지 출산비를 지급받을 수 없다.','사회',NULL,'X'),(43,1,'이유식지원#청소년산모지원#난임부부지원#고위험군임산부지원','영양이 부족한 임산부와 아이를 위한 영양보충식품지원, 청소년 산모에게는 임신 1회당 120만원 지원, 난임부부라면 최대 11만원/동결 최대 50만원/인공 최대 30만원 지원, 고위험군 임산부라면 300만원 한도 내에서 진료비 90% 지원 등 다양한 우리나라의 육아 복지 정책이 있다.','임산부를 위해 지원되는 우리나라 육아 복지 정책이 아닌 것은?','사회',NULL,'이유식지원'),(44,2,'60만원#50만원#40만원#30만원','임산부에게 건강한 태아의 분만과 산모의 건강관리를 위하여 진료비 일부를 국민행복카드로 지원한다. 임신 1회당 50만원 이용권으로, 다태아 임산부는 90만원을 지원한다.','임산부를 위한 국민행복카드의 한도는 어떻게 될까?','사회',NULL,'1회당 50만원'),(45,3,'10월 1일#10월 3일#10월 10일#10월 9일','풍요와 수확을 상징하는 10월과 임신 기간의 10개월을 의미하는 매년 10월 10일은 임산부의 날이다. 임신부의 날은 임신과 출산에 대한 긍정적인 인식을 통해 저출산을 극복하고 임산부를 배려, 보호하는 사회적인 분위기를 만들기 위해 제정된 법정 기념일이다.','임산부의 날은 언제 일까?','사회',NULL,'10월 10일'),(46,3,'4~6kg#6~10kg#11~15.9kg#16~20kg','정상 또는 과체중 범위(체질량지수 18.5 이상~24.9 미만)에속하는임신부는임신기간동안약 11~ 15.9kg의 체중 증가가 적당하다. 저체중 범위(체질량지수18.5 미만)에 해당하는 임신부의 권장체중 증가량은12.7~18.1kg으로 주별 체중 증가량은 0.5kg이 적당하다.','다음중 임신 기간동안 적절한 체중 증가범위는?','아내',NULL,'11~15.9kg'),(47,1,'O#X','임신 중에는 각막이 붓고, 각막 지각이 떨어지며 눈물분비 저하로 각막이 손상되기 쉬운 상태가 된다.렌즈 착용으로 각막 손상은 각막염으로 발전할 수 있어 임신 기간 중에는 콘택트렌즈를 착용하지 않는것이 안전하다.','임신중 콘택트렌즈를 착용하면 안된다?','아내',NULL,'O'),(48,2,'O#X','한의원에서 임신부에게 처방하는 한약재는 우리가 일상에서 섭취하는 음식물처럼 자연에서 생산되는 생물로 구성된 것이 대부분이며 검증된 안전한 약재만을 사용하므로 크게 걱정하지않아도 된다.','임신부는 한약을 복용하면 안된다?','아내',NULL,'X'),(49,1,'O#X','노르웨이에서 시행된 연구에 따르면 첫 번째 임신에서 과숙아를 출산한 경우 두 번째 임신에서 과숙아 출산 확률이 10~27% 증가하고,두 번 과숙아를 출산한 경우에는 과숙아 출산 가능성이 39%로 높아진다고 한다.','첫째 때 출산 예정일을 넘긴 경우 둘째 때도 그럴 가능성이 높다','아내',NULL,'O'),(50,1,'O#X','제왕절개후 자연 분만을 VBAC라고 한다. 단, 이전 출산에서 자궁파열이 있었거나 세로로 제왕절개했을 땐 VBAC를 시도하지 않는 것이 안전하다.','첫째를 제왕절개로 출산했더라도 둘째는 자연분만할수 있다.','아내',NULL,'O'),(51,2,'동사무소#보건소#체육관#도서관','대부분의 보건소에서 임신체험조끼를 대여해주고 있다.','만삭의 아내와 공감하기 위해 임산부 체험 조끼를 대여할 수 있는 곳은?','아내',NULL,'보건소'),(52,1,'O#X','임신 초기의 출혈은 유산으로 이어질 가능성이 높고, 임신 중, 후반 출혈의 경우, 통증유무에 따라 전치태반이나 태반 조기 박리가 의심될 수 있어 즉시 병원에 가는 것이 좋다.','임신중 출혈이 있다면 반드시 진료를 받아야 한다','아내',NULL,'O'),(53,1,'O#X','임신 초기는 감기와 증상이 비슷하므로 임신 가능성이 있다면 감기약은 먹지 않는 것이 좋다.','임신 초기 증상은 감기와 비슷하다','아내',NULL,'O'),(54,2,'O#X','크게 상관이 없다. 임신 중 사우나나 통목욕을 하셔도 괜찮다. 하지만, 물의 온도가 체온인 37도보다 더 뜨겁지 않도록 주의하여야 한다. 물이 너무 뜨거우면 심장 박동이 빨라져 태아에게 전달되는 혈류량이 감소할 수 있기 때문이다.','임산부는 몸이 따뜻해야 하므로 10분이상의 목욕을 자주 해주는 것이 좋다','아내',NULL,'X'),(55,2,'O#X','의사의 처방으로 수유에 영향이 없는 약제를 처방받아 복용할 수 있다.','산후 우울증 산모가 모유수유 시에는 항우울제를 먹을 수 없다.','아내',NULL,'X'),(56,2,'채소#해산물#육류#과일','소량의 해산물은 섭취해도 무방하나 연어, 참치 등은 `수은 중금속`의 함량이 높아 WHO에서 임산부에게 권장하는 음식은 아니다.','다음 중 산모에게 권장되는 음식이 아닌 것은?','아내',NULL,'해산물'),(57,1,'O#X','임신 중에는 자궁이 오른쪽으로 회전을 해서 오른쪽 장기나 혈관을 압박하니 왼쪽으로 눕는 것이 좋다.','임신 후기 갑자기 통증이 오면 왼쪽으로 몸을 세워 눕는다.','아내',NULL,'O'),(58,2,'상관없다#4개월#6개월#8개월','임신 초기엔 태아의 장기가 형성되어 자제하는 것이 좋다.','임신 몇개월 까지 염색과 파마를 참아야 할까?','아내',NULL,'4개월'),(59,3,'8kg#10kg#12.5kg#15kg','태아,태반,양수로 5kg,자궁커지고 혈액량 늘어 4kg, 모체의 지방 축적으로 3.5kg, 합쳐서 보통 12.5kg 정도 증가한다.','임신 중 체중은 약 몇 kg 까지 증가할까?','아내',NULL,'12.5kg'),(60,2,'O#X','임산부들에게 운동은 선택이 아닌 필수다. 임신 중 적절한 운동은 혈약순환을 원활하게 해 태아와 산모의 건강을 지켜주고, 필요 이상으로 늘어난 체중을 조절하는 데도 효과적이다. 적절한 운동은 임신 중 발생하기 쉬운 허리나 골반의 통증을 줄여주고, 변비나 우울증처럼 임산부들이 흔히 경험하는 부작용을 호전시켜주는 효과가 있다. 예비아빠와 함께 하는 가벼운 스트레칭을 추천한다.','임산부에게 몸을 움직이는 운동은 좋지않으므로 최대한 움직이지 않는 것이 좋다.','아내',NULL,'X');
/*!40000 ALTER TABLE `quiz` ENABLE KEYS */;
UNLOCK TABLES;

--
-- Table structure for table `review`
--

DROP TABLE IF EXISTS `review`;
/*!40101 SET @saved_cs_client     = @@character_set_client */;
/*!50503 SET character_set_client = utf8mb4 */;
CREATE TABLE `review` (
  `id` bigint NOT NULL AUTO_INCREMENT,
  `content` varchar(255) NOT NULL,
  `created_at` datetime DEFAULT NULL,
  `article_id` bigint DEFAULT NULL,
  `user_id` bigint DEFAULT NULL,
  `calculate_time` varchar(255) DEFAULT NULL,
  PRIMARY KEY (`id`),
  KEY `FK8klm4xeeoxyah8iy90xt2svgp` (`article_id`),
  KEY `FKiyf57dy48lyiftdrf7y87rnxi` (`user_id`),
  CONSTRAINT `FK8klm4xeeoxyah8iy90xt2svgp` FOREIGN KEY (`article_id`) REFERENCES `article` (`id`),
  CONSTRAINT `FKiyf57dy48lyiftdrf7y87rnxi` FOREIGN KEY (`user_id`) REFERENCES `user` (`id`)
) ENGINE=InnoDB AUTO_INCREMENT=75 DEFAULT CHARSET=utf8mb4 COLLATE=utf8mb4_0900_ai_ci;
/*!40101 SET character_set_client = @saved_cs_client */;

--
-- Dumping data for table `review`
--

LOCK TABLES `review` WRITE;
/*!40000 ALTER TABLE `review` DISABLE KEYS */;
INSERT INTO `review` VALUES (46,'저도 도전 해 봐야겠어요!','2021-11-15 13:52:53',34,26,NULL),(47,'아기가 너무 이쁘네요 딸이 쵝5!','2021-11-15 13:53:46',36,26,NULL),(48,'첫요리를 아직 도전도 못하고 있는데 ㅜㅜ 저도 주말에 도전~~!','2021-11-15 13:53:54',34,25,NULL),(49,'오 저도 한번 해봐야겠어요! 저희는 아직 성별은 몰라서 아들딸 둘다 하는걸로~~?','2021-11-15 13:58:16',36,27,NULL),(50,'미역국에 게까지... 정성이 가득입니다!','2021-11-15 13:58:28',34,28,NULL),(51,'태명이 너무 이뻐요 도담이 건강하게 자라렴~','2021-11-15 13:58:48',36,28,NULL),(52,'호랑이 같은 아들 낳기를 기원할게요!!','2021-11-15 13:59:03',35,28,NULL),(53,'초임파에서 이런 사진 건지기 힘들다는데! 대단하심','2021-11-15 14:00:51',37,27,NULL),(54,'호랑이 같은 딸은 어떠신지^^~~','2021-11-15 14:01:40',35,27,NULL),(55,'리본이 포인트인거 같군요!!','2021-11-17 11:18:43',39,24,NULL),(56,'물려받은거 옷들이 퀄리티가 너무 좋네요 ㄷㄷ','2021-11-17 11:19:23',40,24,NULL),(57,'저도 그날 생각이 나네요ㅜㅜ 이제 곧 실물영접!!!','2021-11-17 11:20:15',38,24,NULL),(58,'오 어디서 구매하셨나요?','2021-11-17 11:28:00',42,24,NULL),(59,'솜씨가 대단한...','2021-11-17 11:28:21',41,24,NULL),(60,'와 대박 여기 어딘가요?','2021-11-17 11:32:08',43,26,NULL),(61,'와 좌표 좀 주세요','2021-11-17 11:32:31',43,28,NULL),(62,'너무 예쁘게 만드셨네요','2021-11-17 11:33:48',42,28,NULL),(63,'아기들은 금방 큰다고 계절마다 필요한 것만 사라고 하더라구요','2021-11-17 11:35:24',40,28,NULL),(64,'저는 이번에 제가 도전했는데 그냥 사다줄걸 그랬어요','2021-11-17 11:36:14',41,28,NULL),(65,'나중에는 가족 사진으로 또 찍으심 되겠어요','2021-11-17 11:37:05',39,28,NULL),(66,'코로나때문에 결혼식 미루셔서 슬프겠어요ㅜㅜ 내년에 찰떡이와 더 행복한 결혼식 하시길..~!','2021-11-17 11:38:34',44,24,NULL),(67,'저는 서울사는데 서울 근처인가요? 꼭 가보고싶네요','2021-11-17 11:38:56',43,24,NULL),(68,'저희 아내도 입덧때문에 샴푸를 매번 바꾸고있는데ㅜㅜ 한번 써보겠습니다 추천 감사드려요','2021-11-17 11:48:28',45,26,NULL),(69,'두달!!! 아기에게 목소리 많이 들려주세요','2021-11-17 11:49:06',44,26,NULL),(70,'와 멋져요!','2021-11-17 14:49:56',44,31,NULL),(71,'저도 스와들업 알고 보고 있는데 어디 껀가요!??','2021-11-17 14:53:50',49,28,NULL),(72,'어머 너무 인테리어 잘하셨네요 아늑해 보여요~','2021-11-17 14:54:12',46,28,NULL),(73,'저도 이렇게 메모장에 정리 해 놔야 겠습니다..','2021-11-17 14:54:40',47,25,NULL),(74,'여자 아이껀 이쁜게 많은데 남자껀 회색 뿐이네요 ㅜㅜ','2021-11-17 14:55:10',49,25,NULL);
/*!40000 ALTER TABLE `review` ENABLE KEYS */;
UNLOCK TABLES;

--
-- Table structure for table `user`
--

DROP TABLE IF EXISTS `user`;
/*!40101 SET @saved_cs_client     = @@character_set_client */;
/*!50503 SET character_set_client = utf8mb4 */;
CREATE TABLE `user` (
  `id` bigint NOT NULL AUTO_INCREMENT,
  `d_day` datetime DEFAULT NULL,
  `email` varchar(255) NOT NULL,
  `img` varchar(255) DEFAULT NULL,
  `nickname` varchar(255) NOT NULL,
  `password` varchar(255) NOT NULL,
  `week` int NOT NULL,
  `region` varchar(255) DEFAULT NULL,
  PRIMARY KEY (`id`)
) ENGINE=InnoDB AUTO_INCREMENT=32 DEFAULT CHARSET=utf8mb4 COLLATE=utf8mb4_0900_ai_ci;
/*!40101 SET character_set_client = @saved_cs_client */;

--
-- Dumping data for table `user`
--

LOCK TABLES `user` WRITE;
/*!40000 ALTER TABLE `user` DISABLE KEYS */;
INSERT INTO `user` VALUES (24,'2022-08-23 09:00:00','test1@test.com','user/24-red.png','우아한 튼튼이','$2a$10$eN0WvVWoaOJAbj3nmWvxNu4.ZuPqjnau1bhXjOe5pddxFVDOZg1oy',22,'서울시 은평구'),(25,'2022-05-10 09:00:00','test4@test.com','user/25-프사.PNG','도담이','$2a$10$ChTczp4ftmpd07EutAvdu.VsTCXYwmvCfegSZKoW7AIPdcOBWhMEa',17,'인천시 서구'),(26,'2022-08-23 09:00:00','test2@test.com','user/26-프로필사진1.png','용감한 쑥쑥이','$2a$10$uigGQufl0CM5kX13h.O7VOGt3ROHKeqPrzmMabkrqiEWOsrIGSqjG',10,'서울시 종로구'),(27,'2022-06-12 09:00:00','test5@test.com','user/27-프사2.PNG','기쁨이','$2a$10$LHlBEyXD8RthHiBsYR0vp.Ez.FljVtyYYDSP6aHJtM8leQ0vxEgM.',20,'대구시 북구'),(28,'2022-08-23 09:00:00','test3@test.com','user/28-Heart_Emoji.png','찰떡이','$2a$10$e0cFh/KQTZTlU6/SKulLDuUPWcCZmMjr1tMzB0o074lyHYcq2zgYe',15,'대전시 유성구'),(29,'2022-08-28 09:00:00','asd@naver.com','NULL','안녕하세유','$2a$10$cWgt0W7xvd3th97whFQkt.cJRBjQAKqgdfUoCNjrvmIk1vK0HxWIi',3,'asdasdasd'),(30,'2023-09-01 09:00:00','urls@gmail.com','NULL','응애','$2a$10$gHwcg8juNJTnpQirNu6eWO4FUwVw24shm270HEPfgKSizmBCs7Xoy',2,'유성구'),(31,'2022-09-09 09:00:00','test7@test.com','user/31-프로필사진.jpg','대담이','$2a$10$qS2TgTJQb/dFt4mBjfDyWuDnISExCTfgu/L6zomMJg8j.8ZfX6ysC',3,'대전광역시 서구');
/*!40000 ALTER TABLE `user` ENABLE KEYS */;
UNLOCK TABLES;
/*!40103 SET TIME_ZONE=@OLD_TIME_ZONE */;

/*!40101 SET SQL_MODE=@OLD_SQL_MODE */;
/*!40014 SET FOREIGN_KEY_CHECKS=@OLD_FOREIGN_KEY_CHECKS */;
/*!40014 SET UNIQUE_CHECKS=@OLD_UNIQUE_CHECKS */;
/*!40101 SET CHARACTER_SET_CLIENT=@OLD_CHARACTER_SET_CLIENT */;
/*!40101 SET CHARACTER_SET_RESULTS=@OLD_CHARACTER_SET_RESULTS */;
/*!40101 SET COLLATION_CONNECTION=@OLD_COLLATION_CONNECTION */;
/*!40111 SET SQL_NOTES=@OLD_SQL_NOTES */;

-- Dump completed on 2021-11-17 16:40:29
